build_time,delta,end_to_end_time,experiment,ftr_component,gen_uplift,method,milp_obj,n_constraints,n_nonzeros,n_variables,parameter_family,pricing_obj,pricing_time,primal_violation,response_time,seed,status,total_uplift,objective_change_pct,uplift_change_pct,study,schedule_change_ratio
0.220468699999401,0.001,0.8893925000011222,coefficient_perturbation,16.923667992033078,2725.053963771227,chp,182642.58992542943,64725.0,466042.0,19335.0,joint,179900.61230844856,0.8281227000006766,0.0,0.0612698000004456,1,optimal,2741.97763176326,0.033181689821204195,0.1891726152984365,joint,
0.4394979476928711,0.001,4.629469401359529,coefficient_perturbation,16.92366748490427,2725.0539624104053,dwp_incremental,182642.58992542943,,,,joint,179900.61229553493,4.571500301361084,,0.057969099998445,1,optimal,2741.9776298953097,0.033181682640619145,0.1891725470453676,joint,
0.2255771000000095,0.001,0.9639002000003528,coefficient_perturbation,16.92407175780817,2738.8353552761023,chp,182598.8015783261,64725.0,466042.0,19335.0,joint,179843.04215134602,0.9002612999993289,0.0,0.063638900001024,2,optimal,2755.7594270339105,0.0011699811813460441,0.6927458936960342,joint,
0.3816161155700683,0.001,4.474502621014835,coefficient_perturbation,16.924071758082672,2738.8353552750286,dwp_incremental,182598.8015783261,,,,joint,179843.0421512928,4.417617321014404,,0.056885300000431,2,optimal,2755.7594270331115,0.0011699811517471629,0.6927458936668398,joint,
0.2159956999985297,0.001,0.9484855999999128,coefficient_perturbation,16.678711849313974,2718.1249715031854,chp,182523.19182481387,64725.0,466042.0,19335.0,joint,179788.3887568948,0.8878507999997964,0.0,0.0606348000001162,3,optimal,2734.8036833525,-0.029219870564853607,-0.07295642154447105,joint,
0.4210438728332519,0.001,4.289697920779872,coefficient_perturbation,16.67871137272869,2718.124970855869,dwp_incremental,182523.19182481387,,,,joint,179788.38814259227,4.234046220779419,,0.0556517000004532,3,optimal,2734.8036822285976,-0.029220212145881025,-0.07295646261075357,joint,
0.2238330000000132,0.001,0.993160699999862,coefficient_perturbation,16.98123066356919,2712.311647786736,chp,182660.3996125896,64725.0,466042.0,19335.0,joint,179931.106758789,0.9309243999996396,0.0,0.0622363000002224,4,optimal,2729.292878450305,0.05013803506258557,-0.2743158262308483,joint,
0.457378625869751,0.001,4.9983706087004975,coefficient_perturbation,16.981230163945995,2712.3116256086305,dwp_incremental,182660.3996125896,,,,joint,179931.10675681665,4.9413793087005615,,0.056991299999936,4,optimal,2729.2928557725763,0.050138033965857205,-0.27431665485281015,joint,
0.2315261000003374,0.001,1.000954900000579,coefficient_perturbation,16.89415324421536,2727.345338266503,chp,182701.47580467383,64725.0,466042.0,19335.0,joint,179957.23635889715,0.9394052000006924,0.0,0.0615496999998868,5,optimal,2744.2394915107184,0.0646673187685129,0.27181875144651974,joint,
0.515066385269165,0.001,4.977773293454447,coefficient_perturbation,16.894152962947572,2727.345337695033,dwp_incremental,182701.47580467383,,,,joint,179957.2363140157,4.92306399345398,,0.0547093000004679,5,optimal,2744.23949065798,0.06466729381231884,0.2718187202882881,joint,
0.2291907999988325,0.001,1.0714305000001332,coefficient_perturbation,16.61091956680462,2733.6872918284616,chp,182595.34361162464,64725.0,466042.0,19335.0,joint,179845.04540768822,1.0094788999995217,0.0,0.0619516000006115,6,optimal,2750.298211395266,0.002283885703843797,0.4931984320496592,joint,
0.4441978931427002,0.001,4.466912734833386,coefficient_perturbation,16.61091902162099,2733.6872907654983,dwp_incremental,182595.34361162464,,,,joint,179845.0454018367,4.410197734832764,,0.0567150000006222,6,optimal,2750.2982097871195,0.002283882450119198,0.4931983732895563,joint,
0.231697900000654,0.001,0.9462462999999844,coefficient_perturbation,16.902897793088254,2724.850833921112,chp,182601.7179039456,64725.0,466042.0,19335.0,joint,179859.96427727173,0.883712500000911,0.0,0.0625337999990733,7,optimal,2741.7537317142,0.010579477211314959,0.18099152716555744,joint,
0.4096753597259521,0.001,4.457346407680234,coefficient_perturbation,16.902897787871623,2724.850833683517,dwp_incremental,182601.7179039456,,,,joint,179859.96417247463,4.399675607681274,,0.0576707999989594,7,optimal,2741.753731471389,0.01057941893920909,0.1809915182934823,joint,
0.2280902999991667,0.001,1.024990500000058,coefficient_perturbation,17.54345737522024,2715.858938774785,chp,182550.822418993,64725.0,466042.0,19335.0,joint,179817.420023687,0.9627464999994118,0.0,0.0622440000006463,8,optimal,2733.4023961500056,-0.013077124031385577,-0.12415808117435335,joint,
0.4562714099884033,0.001,4.795252186544531,coefficient_perturbation,17.543457518792636,2715.858937877032,dwp_incremental,182550.822418993,,,,joint,179817.42002359722,4.7392737865448,,0.0559783999997307,8,optimal,2733.402395395825,-0.013077124081310426,-0.12415810873137793,joint,
0.2431938999998237,0.001,1.013633500000651,coefficient_perturbation,16.77584683470836,2726.892789213509,chp,182651.20158484209,64725.0,466042.0,19335.0,joint,179907.5329531159,0.9520788000008906,0.0,0.0615546999997604,9,optimal,2743.668636048217,0.0370298929848078,0.2509602528911765,joint,
0.369560956954956,0.001,4.589726283380514,coefficient_perturbation,16.7758466795881,2726.892788704903,dwp_incremental,182651.20158484209,,,,joint,179907.532949463,4.533562183380127,,0.0561641000003874,9,optimal,2743.668635384491,0.03702989095361896,0.25096022863927814,joint,
0.222878500000661,0.001,0.9864231999999902,coefficient_perturbation,17.461499941434624,2704.7008623618685,chp,182667.29921021537,64725.0,466042.0,19335.0,joint,179945.13685737396,0.9245651000001088,0.0,0.0618580999998812,10,optimal,2722.162362303304,0.05793942819218595,-0.5348578907657392,joint,
0.3983635902404785,0.001,4.369256243377095,coefficient_perturbation,17.46149822506301,2704.7008608376755,dwp_incremental,182667.29921021537,,,,joint,179945.13685115296,4.3113627433776855,,0.0578934999994089,10,optimal,2722.1623590627387,0.057939424733016956,-0.5348580091728085,joint,
0.2316067000010662,0.005,1.041619300000093,coefficient_perturbation,16.082273137074267,2744.798177617471,chp,182901.86229833047,64725.0,466042.0,19335.0,joint,180140.98184822415,0.9789221999999428,0.0,0.0626971000001503,1,optimal,2760.8804507545456,0.16683843248889746,0.8798630764076273,joint,
0.4284684658050537,0.005,4.18784072438757,coefficient_perturbation,16.082273143580572,2744.7981773209094,dwp_incremental,182901.86229833047,,,,joint,180140.98184786737,4.127468824386597,,0.0603719000009732,1,optimal,2760.88045046449,0.16683843229050888,0.8798630658092804,joint,
0.231235100000049,0.005,1.0282447999998112,coefficient_perturbation,16.06471131496114,2816.2175447753502,chp,182683.6300790114,64725.0,466042.0,19335.0,joint,179851.34782295788,0.9671302999995532,0.0,0.0611145000002579,2,optimal,2832.2822560903114,0.005788324313945059,3.48881499379753,joint,
0.4014706611633301,0.005,4.870931062250747,coefficient_perturbation,16.06471131458433,2816.2175447743757,dwp_incremental,182683.6300790114,,,,joint,179851.34782292333,4.811471462249756,,0.0594596000009914,2,optimal,2832.2822560889595,0.0057883242947357255,3.488814993748131,joint,
0.230297199999768,0.005,1.014112599999862,coefficient_perturbation,14.979605489389945,2712.0041446595906,chp,182304.66879693203,64725.0,466042.0,19335.0,joint,179577.6850653474,0.9530647999999928,0.0,0.0610477999998693,3,optimal,2726.983750148981,-0.14638100964501222,-0.358689108963815,joint,
0.3795106410980224,0.005,4.321097279260357,coefficient_perturbation,14.979519201236624,2712.0042217539703,dwp_incremental,182304.66879693203,,,,joint,179577.68505597676,4.259507179260254,,0.0615901000001031,3,optimal,2726.983740955207,-0.14638101485553198,-0.3586894448953001,joint,
0.2280895999992935,0.005,0.9931091999987984,coefficient_perturbation,16.20350894366736,2683.3575573886637,chp,182991.38418153647,64725.0,466042.0,19335.0,joint,180291.82311544075,0.9288089999990916,0.0,0.0643001999997068,4,optimal,2699.5610663323305,0.2507132547931712,-1.3606870722784785,joint,
0.3830490112304687,0.005,4.367051686960622,coefficient_perturbation,16.203508932012188,2683.3575571777506,dwp_incremental,182991.38418153647,,,,joint,180291.82311542693,4.310053586959839,,0.0569981000007828,4,optimal,2699.5610661097626,0.2507132547854842,-1.3606870804108915,joint,
0.252216099999714,0.005,1.0401163000005909,coefficient_perturbation,15.821855741592293,2758.84012079158,chp,183196.34012382853,64725.0,466042.0,19335.0,joint,180421.67814782623,0.9779488000003768,0.0,0.0621675000002142,5,optimal,2774.661976533172,0.3229187458210833,1.3834265078310557,joint,
0.4554004669189453,0.005,4.524083247042654,coefficient_perturbation,15.821855729258766,2758.840120775745,dwp_incremental,183196.34012382853,,,,joint,180421.67814732305,4.466397047042847,,0.0576861999998072,5,optimal,2774.661976505004,0.32291874554129374,1.383426506801826,joint,
0.2222732000009273,0.005,0.9913074000014604,coefficient_perturbation,15.051710365763505,2791.5377054980936,chp,182666.62132757928,64725.0,466042.0,19335.0,joint,179860.03195015376,0.9254921000010654,0.0,0.0658153000003949,6,optimal,2806.589415863857,0.010617106509049144,2.550023818185283,joint,
0.3893311023712158,0.005,4.50459987049544,coefficient_perturbation,15.051710273090478,2791.5377050337847,dwp_incremental,182666.62132757928,,,,joint,179860.03191227268,4.4463300704956055,,0.0582697999998345,6,optimal,2806.5894153068757,0.010617085445391184,2.5500237978337297,joint,
0.2458621999994648,0.005,0.9993300999994972,coefficient_perturbation,15.868658078993288,2745.0625791354937,chp,182698.02483049865,64725.0,466042.0,19335.0,joint,179937.09359330055,0.9359955999989324,0.0,0.0633345000005647,7,optimal,2760.931237214487,0.053466995963579504,0.8817187638292286,joint,
0.4163205623626709,0.005,4.551097966455927,coefficient_perturbation,15.868658079381053,2745.0625791357656,dwp_incremental,182698.02483049865,,,,joint,179937.09359328312,4.495319366455078,,0.0557786000008491,7,optimal,2760.9312372151467,0.053466995953885835,0.8817187638533385,joint,
0.2480374999995547,0.005,1.0547306000007666,coefficient_perturbation,6.402356965883424,2712.199787048274,chp,182443.3203545474,64725.0,466042.0,19335.0,joint,179724.71845189357,0.97758260000046,0.0,0.0771480000003066,8,optimal,2718.602144014158,-0.06462354766581915,-0.6649447742571943,joint,
0.5425279140472412,0.005,4.586783362818096,coefficient_perturbation,6.402355795638071,2712.1997823449783,dwp_incremental,182443.3203545474,,,,joint,179724.7182164071,4.527528762817383,,0.0592546000007132,8,optimal,2718.6021381406163,-0.06462367860733784,-0.6649449888706492,joint,
0.2694114000005356,0.005,1.057138500000292,coefficient_perturbation,7.264866555205411,2763.321392618537,chp,182944.47148944676,64725.0,466042.0,19335.0,joint,180173.88534294584,0.9735691000005318,0.0,0.0835693999997602,9,optimal,2770.5862591737427,0.18513431944275144,1.234503794047851,joint,
0.5784308910369873,0.005,4.912803179306138,coefficient_perturbation,7.2648645958467295,2763.3213931069085,dwp_incremental,182944.47148944676,,,,joint,180173.88523174392,4.85543417930603,,0.0573690000001079,9,optimal,2770.586257702755,0.18513425760926416,1.2345037402994061,joint,
0.2656946999995853,0.005,1.1078204000004916,coefficient_perturbation,19.62512193780686,2643.93049136477,chp,183025.56478825415,64725.0,466042.0,19335.0,joint,180362.00917748277,1.0417918000002828,0.0,0.0660286000002088,10,optimal,2663.555613302577,0.2897399985393494,-2.6762910024134716,joint,
0.4285752773284912,0.005,4.74517313074648,coefficient_perturbation,19.62512194599811,2643.930491205374,dwp_incremental,183025.56478825415,,,,joint,180362.00917510485,4.68357253074646,,0.0616006000000197,10,optimal,2663.555613151372,0.28973999721710963,-2.676291007938349,joint,
0.2434972999999445,0.01,1.065370399999665,coefficient_perturbation,72.93176484102784,2711.5297797173757,chp,183226.23942693716,64725.0,466042.0,19335.0,joint,180441.7778823858,1.004289399999834,0.0,0.0610809999998309,1,optimal,2784.461544558403,0.3340951413503386,1.7414931094917974,joint,
0.4377806186676025,0.01,4.4962353347327735,coefficient_perturbation,72.93176484090202,2711.529779717736,dwp_incremental,183226.23942693716,,,,joint,180441.77788238,4.439783334732056,,0.0564520000007178,1,optimal,2784.461544558638,0.33409514134711815,1.7414931095003712,joint,
0.2495658000007097,0.01,1.0595171000004484,coefficient_perturbation,15.108122461210218,2926.0418423478823,chp,182803.3896858312,64725.0,466042.0,19335.0,joint,179862.2397612101,0.9841408000011144,0.0,0.0753762999993341,2,optimal,2941.1499648090926,0.011844753050671323,7.466734264438659,joint,
0.6660375595092773,0.01,5.081170833071155,coefficient_perturbation,15.108130890381611,2926.0418304308014,dwp_incremental,182803.3896858312,,,,joint,179862.23972451067,5.016039133071899,,0.0651316999992559,2,optimal,2941.149961321183,0.011844732644063216,7.466734136993869,joint,
0.2418291999983921,0.01,1.0810366999994585,coefficient_perturbation,13.085585327400958,2718.4997822435903,chp,182044.46010636192,64725.0,466042.0,19335.0,joint,179312.874754587,1.0151029999997263,0.0,0.0659336999997322,3,optimal,2731.585367570992,-0.29362796778329053,-0.19055052283430926,joint,
0.4642548561096191,0.01,4.680676513051367,coefficient_perturbation,13.085584341473194,2718.49976870963,dwp_incremental,182044.46010636192,,,,joint,179312.8747533112,4.621256113052368,,0.0594203999989986,3,optimal,2731.5853530511035,-0.2936279684927089,-0.19055105337678216,joint,
0.247433300000921,0.01,1.022565500001292,coefficient_perturbation,14.686682116636572,2671.223177240176,chp,183427.02914731693,64725.0,466042.0,19335.0,joint,180741.11928986188,0.95937750000121,0.0,0.0631880000000819,4,optimal,2685.909859356812,0.5005430095210202,-1.859488782487135,joint,
0.3742806911468506,0.01,4.37022751512086,coefficient_perturbation,14.686682029501828,2671.2231755841253,dwp_incremental,183427.02914731693,,,,joint,180741.1192897028,4.31028151512146,,0.0599459999993996,4,optimal,2685.909857613627,0.5005430094325634,-1.8594888461813988,joint,
0.2374595000001136,0.01,0.9859847999996418,coefficient_perturbation,15.545503748607558,2813.755331138352,chp,183830.2816031755,64725.0,466042.0,19335.0,joint,181000.98077198092,0.923472500000571,0.0,0.0625122999990708,5,optimal,2829.30083488696,0.6450381867271491,3.3798767879853195,joint,
0.4762735366821289,0.01,4.333979551389348,coefficient_perturbation,15.545503627614307,2813.7553308665274,dwp_incremental,183830.2816031755,,,,joint,181000.98076868305,4.27827525138855,,0.0557043000007979,5,optimal,2829.300834494142,0.6450381848933778,3.379876773632134,joint,
0.2748651999991125,0.01,1.1559963999989122,coefficient_perturbation,88.15118161473572,2791.346453579009,chp,182755.34600853967,64725.0,466042.0,19335.0,joint,179875.8484163352,1.0900394999989658,0.0,0.0659568999999464,6,optimal,2879.4976351937453,0.019411803841748367,5.2140186250352905,joint,
0.4931857585906982,0.01,4.765877761303273,coefficient_perturbation,88.15117927232771,2791.346446086828,dwp_incremental,182755.34600853967,,,,joint,179875.84838318027,4.709188461303711,,0.0566892999995616,6,optimal,2879.497625359156,0.019411785406047075,5.214018265689039,joint,
0.2317124000001058,0.01,0.9776977000001352,coefficient_perturbation,14.490566152896196,2768.883872629478,chp,182819.55721057177,64725.0,466042.0,19335.0,joint,180036.1828034564,0.9162701000004744,0.0,0.0614275999996607,7,optimal,2783.374438782374,0.10856524624650073,1.7017713309535702,joint,
0.444138765335083,0.01,4.205408362327944,coefficient_perturbation,14.490565954604945,2768.8838715210686,dwp_incremental,182819.55721057177,,,,joint,180036.1827730962,4.150140762329102,,0.0552675999988423,7,optimal,2783.3744374756734,0.10856522936479734,1.7017712832080125,joint,
0.2464142000007996,0.01,0.9783783999992012,coefficient_perturbation,6.524642813901956,2696.860433997395,chp,182314.22861191008,64725.0,466042.0,19335.0,joint,179610.8435352978,0.9191829999999754,0.0,0.0591953999992256,8,optimal,2703.385076811297,-0.12794334450011566,-1.2209614809673934,joint,
0.4762194156646728,0.01,4.83469052165492,coefficient_perturbation,6.52464278858847,2696.8604338559094,dwp_incremental,182314.22861191008,,,,joint,179610.8435352655,4.776220321655273,,0.0584701999996468,8,optimal,2703.385076644498,-0.1279433445180789,-1.2209614870620673,joint,
0.3006225000008271,0.01,1.168683100000635,coefficient_perturbation,72.68040494958466,2756.294028122362,chp,183329.22522486327,64725.0,466042.0,19335.0,joint,180500.25081668765,1.096311200000855,0.0,0.07237189999978,9,optimal,2828.9744330719464,0.36660883647287473,3.367950385885058,joint,
0.4249541759490967,0.01,4.6785240868375695,coefficient_perturbation,72.68040484292575,2756.294027924028,dwp_incremental,183329.22522486327,,,,joint,180500.25079209692,4.6219565868377686,,0.0565674999998009,9,optimal,2828.9744327669537,0.3666088227992758,3.3679503747409245,joint,
0.2572622999996383,0.01,1.085519000000204,coefficient_perturbation,0.0007225047592775,2611.050424871518,chp,183492.5492991565,64725.0,466042.0,19335.0,joint,180881.4983499797,1.0086926000003589,0.0,0.0768263999998453,10,optimal,2611.051147376277,0.5786003537736092,-4.5947526772380645,joint,
0.4214744567871094,0.01,4.296742937978706,coefficient_perturbation,-2.33977138391689e-13,2611.051146267665,dwp_incremental,183492.5492991565,,,,joint,180881.4981528888,4.238476037979126,,0.0582668999995803,10,optimal,2611.0511462676645,0.578600244181817,-4.594752717745683,joint,
0.2570854000005056,0.03,1.0884024999995745,coefficient_perturbation,385.58041630636166,3910.9943997493847,chp,185990.4030840845,64725.0,466042.0,19335.0,joint,181693.82833733383,1.0175767999990055,0.0,0.0708257000005687,1,optimal,4296.574816055746,1.0302939426634714,56.99262857353597,joint,
0.4513804912567138,0.03,4.3095992907074105,coefficient_perturbation,385.58041627649936,3910.994395024456,dwp_incremental,185990.4030840845,,,,joint,181693.82827278448,4.2533814907073975,,0.056217800000013,1,optimal,4296.574811300955,1.0302939067710004,56.99262839980057,joint,
0.2342442999997729,0.03,1.1634404999986143,coefficient_perturbation,4.377871028712084e-09,3271.959942834777,chp,183250.24356810085,64725.0,466042.0,19335.0,joint,179978.28362541113,1.0882739999997284,0.0,0.0751664999988861,2,optimal,3271.959942839155,0.07637058652425253,19.554206316646333,joint,
0.5126497745513916,0.03,4.343430393088056,coefficient_perturbation,-6.255598871351886e-13,3271.959942730026,dwp_incremental,183250.24356810085,,,,joint,179978.28362537085,4.2806479930877686,,0.0627824000002874,2,optimal,3271.959942730025,0.07637058650185513,19.554206312658835,joint,
0.244290099999489,0.03,1.1283031000002666,coefficient_perturbation,46.15444559907345,2725.481968861241,chp,181020.1424351088,64725.0,466042.0,19335.0,joint,178248.50615010213,1.0333675000001676,0.0,0.0949356000000989,3,optimal,2771.6364144603144,-0.885466853883502,1.2728754379520133,joint,
0.5053493976593018,0.03,4.194751720006025,coefficient_perturbation,46.15444494945476,2725.4819679139287,dwp_incremental,181020.1424351088,,,,joint,178248.50602224586,4.135348320007324,,0.0594033999987004,3,optimal,2771.636412863384,-0.8854669249775875,1.2728753796017447,joint,
0.3251057999987097,0.03,1.3060668999987683,coefficient_perturbation,528.2802868386306,3276.3345990804773,chp,186404.05218180356,64725.0,466042.0,19335.0,joint,182599.43733351197,1.22317799999837,0.0,0.0828889000003982,4,optimal,3804.614885919108,1.533855037271097,39.01689536940553,joint,
0.5284078121185303,0.03,5.292061334452228,coefficient_perturbation,528.2840502289339,3276.330816194014,dwp_incremental,186404.05218180356,,,,joint,182599.43731538043,5.238410234451294,,0.053651100000934,4,optimal,3804.614866422948,1.5338550271891096,39.016894657034975,joint,
0.2619709999999031,0.03,1.250305199999275,coefficient_perturbation,78.32210772952295,2785.0745447516674,chp,186248.1512146523,66338.0,480041.0,19823.0,joint,183384.75458009128,1.1599820999999793,0.0,0.0903230999992956,5,optimal,2863.3966524811904,1.9705282748058661,4.625704512776559,joint,
0.6270177364349365,0.03,4.5406124089277,coefficient_perturbation,78.32210617578232,2785.074542308256,dwp_incremental,186248.1512146523,,,,joint,183384.7545661681,4.487015008926392,,0.0535974000013084,5,optimal,2863.396648484037,1.970528267063922,4.6257043667244995,joint,
0.2484850000000733,0.03,1.0861146000006556,coefficient_perturbation,429.5839331388668,3632.305726939946,chp,183986.7232297237,64428.0,463116.0,19244.0,joint,179924.833574367,1.0081449000008431,0.0,0.0779696999998122,6,optimal,4061.889660078813,0.04664985017533083,48.41746321476499,joint,
0.4079029560089111,0.03,4.967693553577192,coefficient_perturbation,429.583933290573,3632.305725704733,dwp_incremental,183986.7232297237,,,,joint,179924.8335707284,4.90889835357666,,0.0587952000005316,6,optimal,4061.889658995306,0.046649848152104066,48.41746317517472,joint,
0.2635652000008122,0.03,1.1760233999993943,coefficient_perturbation,359.4568088928759,3856.16358360838,chp,184701.27077341668,66338.0,480041.0,19823.0,joint,180485.6503809165,1.1029099999996106,0.0,0.0731133999997837,7,optimal,4215.620392501256,0.35849030910653473,54.03463335814209,joint,
0.4093372821807861,0.03,4.39420190752935,coefficient_perturbation,359.4568166278781,3856.163578722644,dwp_incremental,184701.27077341668,,,,joint,180485.65037860227,4.340335607528687,,0.0538663000006636,7,optimal,4215.620395350522,0.3584903078197197,54.03463346225146,joint,
0.2434486000001925,0.03,1.0141233000013017,coefficient_perturbation,7.910746156691061,2652.067864579112,chp,181849.270742278,64725.0,466042.0,19335.0,joint,179189.2921338882,0.9243485000006332,0.0,0.0897748000006686,8,optimal,2659.9786107358027,-0.36234570360106944,-2.8069911669430647,joint,
0.436664342880249,0.03,4.5340620358019805,coefficient_perturbation,7.910746131065006,2652.0678638116583,dwp_incremental,181849.270742278,,,,joint,179189.2921323358,4.476662635803223,,0.0573993999987578,8,optimal,2659.978609942724,-0.3623457044642757,-2.8069911959213907,joint,
0.2367931000007956,0.03,1.0352225999995426,coefficient_perturbation,443.811249775805,3308.006019529741,chp,185871.8338728143,64725.0,466042.0,19335.0,joint,182120.01660836904,0.9696165999994264,0.0,0.0656060000001161,9,optimal,3751.8172693055462,1.267274618846159,37.08772225606731,joint,
0.3441910743713379,0.03,4.307337694270245,coefficient_perturbation,443.8112493035391,3308.0060171732207,dwp_incremental,185871.8338728143,,,,joint,182120.0166063378,4.246189594268799,,0.0611481000014464,9,optimal,3751.81726647676,1.2672746177166923,37.08772215270623,joint,
0.2367764999999053,0.03,0.9726587000004656,coefficient_perturbation,383.4781044948433,2912.319572588039,chp,186452.77060047403,64725.0,466042.0,19335.0,joint,183156.9730626453,0.908168800000567,0.0,0.0644898999998986,10,optimal,3295.7976770828823,1.8438710632051076,20.42521373962323,joint,
0.3733077049255371,0.03,5.13157620740094,coefficient_perturbation,383.4781039558563,2912.3195722780315,dwp_incremental,186452.77060047403,,,,joint,183156.97292424025,5.073302507400513,,0.0582737000004272,10,optimal,3295.797676233888,1.8438709862454106,20.425213708601817,joint,
0.2368355999988125,0.05,1.058741299997564,coefficient_perturbation,61.3192269947169,4307.585287004191,chp,187371.9183177644,64725.0,466042.0,19335.0,joint,183003.0139085552,0.9997530999989976,0.0,0.0589881999985664,1,optimal,4368.904513998908,1.7582625495025581,59.63548477648021,joint,
0.4126179218292236,0.05,3.91991174715804,coefficient_perturbation,61.31921131861312,4307.585284573196,dwp_incremental,187371.9183177644,,,,joint,183003.01382187297,3.8646204471588135,,0.0552912999992258,1,optimal,4368.904495891809,1.7582625013031667,59.63548411486458,joint,
0.2344370999999228,0.05,1.0561457999992854,coefficient_perturbation,4.130522735942178,4525.617220899029,chp,184955.5024122013,64725.0,466042.0,19335.0,joint,180425.75466891663,0.9897313000001304,0.0,0.0664144999991549,2,optimal,4529.747743634972,0.3251854828247342,65.51253859024413,joint,
0.3101272583007812,0.05,4.452513126150734,coefficient_perturbation,4.130522692733866,4525.617220683425,dwp_incremental,184955.5024122013,,,,joint,180425.75466882525,4.393126726150513,,0.0593864000002213,2,optimal,4529.74774337616,0.3251854827739193,65.5125385807874,joint,
0.2355827000010322,0.05,1.0030743000006623,coefficient_perturbation,28.26097463060165,3330.2112276486664,chp,181202.353241215,64725.0,466042.0,19335.0,joint,177843.88107975456,0.9395721000000776,0.0,0.0635022000005847,3,optimal,3358.472202279268,-1.1104573787013767,22.715279402720775,joint,
0.3764617443084717,0.05,4.230930912694021,coefficient_perturbation,28.260974476929068,3330.2112273308508,dwp_incremental,181202.353241215,,,,joint,177843.88103940728,4.1714630126953125,,0.0594678999987081,3,optimal,3358.47220180778,-1.1104574011363577,22.71527938549307,joint,
0.2367646000002423,0.05,1.1342748000006395,coefficient_perturbation,22.37160160463696,3069.412834317423,chp,188203.73550377955,64725.0,466042.0,19335.0,joint,185111.95345448365,1.064578999999867,0.0,0.0696958000007725,4,optimal,3091.78443592206,2.93093189211158,12.970770057190993,joint,
0.4466416835784912,0.05,4.739382551968447,coefficient_perturbation,22.37160141921416,3069.412833159643,dwp_incremental,188203.73550377955,,,,joint,185111.9534530484,4.675642251968384,,0.0637403000000631,4,optimal,3091.784434578857,2.9309318913135107,12.970770008111685,joint,
0.2291997000011179,0.05,0.9859028999999282,coefficient_perturbation,109.94003397009352,3910.761011902475,chp,189964.7566899987,64725.0,466042.0,19335.0,joint,185944.05567890435,0.9181884999998148,0.0,0.0677144000001135,5,optimal,4020.701045872569,3.393619772557838,46.91247166024213,joint,
0.2508282661437988,0.05,4.13971226668582,coefficient_perturbation,109.94003077324516,3910.76098639694,dwp_incremental,189964.7566899987,,,,joint,185944.0556728294,4.080828666687012,,0.0588835999988077,5,optimal,4020.701017170185,3.393619769179876,46.912470611485176,joint,
0.2244309999987308,0.05,0.9386538000017026,coefficient_perturbation,295.3271575693987,4037.544192488332,chp,184420.5880454216,64428.0,463116.0,19244.0,joint,180087.71682377352,0.8739647000002151,0.0,0.0646891000014875,6,optimal,4332.8713500577305,0.13722057960773146,58.31886831682789,joint,
0.4483318328857422,0.05,4.963170374023321,coefficient_perturbation,295.3271580066702,4037.544191125576,dwp_incremental,184420.5880454216,,,,joint,180087.71669628954,4.9073333740234375,,0.0558369999998831,6,optimal,4332.871349132246,0.13722050872066002,58.31886828301159,joint,
0.2212251000000833,0.05,0.9243516999977146,coefficient_perturbation,255.0890071424245,3751.6941622302174,chp,185052.3176177048,62815.0,449117.0,18756.0,joint,181045.5346537305,0.8608011999986047,0.0,0.0635504999991098,7,optimal,4006.783169372642,0.6698122355247148,46.403926107230866,joint,
0.2625870704650879,0.05,4.250532238596861,coefficient_perturbation,255.0891159628103,3751.694045563151,dwp_incremental,185052.3176177048,,,,joint,181045.5344757505,4.187584638595581,,0.06294760000128,7,optimal,4006.7831615259615,0.6698121365594875,46.403925820520854,joint,
0.2443653999998787,0.05,0.9476331999994728,coefficient_perturbation,7.570685532832663,2579.274263980991,chp,181409.3548020018,64725.0,466042.0,19335.0,joint,178822.5098524887,0.8833420999999362,0.0,0.0642910999995365,8,optimal,2586.8449495138234,-0.5662938621150375,-5.479223399357668,joint,
0.3162918090820312,0.05,4.384445203902942,coefficient_perturbation,7.570685532806382,2579.2742639812705,dwp_incremental,181409.3548020018,,,,joint,178822.50985248812,4.327292203903198,,0.0571529999997437,8,optimal,2586.8449495140767,-0.5662938621153613,-5.479223399348412,joint,
0.2290762000011454,0.05,0.903202900000906,coefficient_perturbation,94.55834612962552,3197.4520709965645,chp,187691.65450711496,66338.0,480041.0,19823.0,joint,184399.6440933511,0.8339274000009027,0.0,0.0692755000000033,9,optimal,3292.01041712619,2.534854464540826,20.28683097634152,joint,
0.1759061813354492,0.05,4.525238206952054,coefficient_perturbation,94.55834613530514,3197.4520677631394,dwp_incremental,187691.65450711496,,,,joint,184399.6440932165,4.462905406951904,,0.0623328000001492,9,optimal,3292.0104138984448,2.534854464465995,20.286830858402876,joint,
0.2398136000010708,0.05,1.0446451999996498,coefficient_perturbation,12.32695140841959,2446.8668715641134,chp,188528.66779062792,64725.0,466042.0,19335.0,joint,186069.4739689094,0.9803007999998954,0.0,0.0643443999997543,10,optimal,2459.193822972533,3.463358226642656,-10.143470329540822,joint,
0.4426250457763672,0.05,4.536062168657736,coefficient_perturbation,12.326951414088732,2446.866870545396,dwp_incremental,188528.66779062792,,,,joint,186069.47396866637,4.475626468658447,,0.0604356999992887,10,optimal,2459.1938219594845,3.463358226507511,-10.143470366556617,joint,
0.2261428999991039,0.001,0.9317094999987604,family_sensitivity,17.092458308816816,2719.539364066802,chp,182577.54609357603,64725.0,466042.0,19335.0,ramping,179840.914271217,0.8745330999990983,0.0,0.0571763999996619,1,optimal,2736.631822375619,-1.3220014177036514e-05,-0.006158015156940136,one_family,0.0
0.4066693782806396,0.001,4.572087527609256,family_sensitivity,17.09245830891845,2719.539364058384,dwp_incremental,182577.54609357603,,,,ramping,179840.9142712097,4.516667127609253,,0.0554204000000027,1,optimal,2736.6318223673024,-1.3220018238993443e-05,-0.006158015460813948,one_family,0.0
0.2353140000013809,0.001,0.9868935000013151,family_sensitivity,17.137361389932252,2719.5745620315943,chp,182577.69116825523,64725.0,466042.0,19335.0,ramping,179840.97924493856,0.921635900000183,0.0,0.0652576000011322,2,optimal,2736.7119234215265,2.2908423679494183e-05,-0.0032312015235449773,one_family,0.0
0.4260735511779785,0.001,4.680232466984307,family_sensitivity,17.13736138737956,2719.5745620033813,dwp_incremental,182577.69116825523,,,,ramping,179840.97924486728,4.624073266983032,,0.0561592000012751,2,optimal,2736.711923390761,2.2908384047093706e-05,-0.0032312026476853345,one_family,0.0
0.2461273000008077,0.001,1.0729509000011603,family_sensitivity,17.17752368876667,2719.68280474587,chp,182577.8209122437,64725.0,466042.0,19335.0,ramping,179840.96074763246,1.010914500000581,0.0,0.0620364000005793,3,optimal,2736.8603284346364,1.2623053564220504e-05,0.002191372061008397,one_family,0.0
0.4356882572174072,0.001,4.763116891819664,family_sensitivity,17.177519355965863,2719.6827841574263,dwp_incremental,182577.8209122437,,,,ramping,179840.96060873053,4.705689191818237,,0.0574277000014262,3,optimal,2736.8603035133924,1.2545817573195841e-05,0.0021904614632037986,one_family,0.0
0.2288320000006933,0.001,0.9979657999992924,family_sensitivity,17.057545013867372,2719.6424612876963,chp,182577.43329264087,64725.0,466042.0,19335.0,ramping,179840.7332904847,0.9370376000006218,0.0,0.0609281999986706,4,optimal,2736.7000063015635,-0.00011385379327171212,-0.0036666413955652763,one_family,0.0
0.456575870513916,0.001,4.836499039434784,family_sensitivity,17.057544502902868,2719.6424605080056,dwp_incremental,182577.43329264087,,,,ramping,179840.73328763,4.779579639434815,,0.0569193999999697,4,optimal,2736.7000050109086,-0.00011385538062298432,-0.003666688554826784,one_family,0.0
0.2285250999993877,0.001,0.9740143999988504,family_sensitivity,17.116206203934333,2719.525529534965,chp,182577.62281843304,64725.0,466042.0,19335.0,ramping,179840.98109653944,0.9145257000000128,0.0,0.0594886999988375,5,optimal,2736.6417357389,2.3938000652330634e-05,-0.005795790588268026,one_family,0.0
0.4568564891815185,0.001,4.6358847180763405,family_sensitivity,17.116205955042563,2719.525529142674,dwp_incremental,182577.62281843304,,,,ramping,179840.9810833352,4.5778539180755615,,0.0580308000007789,5,optimal,2736.6417350977163,2.3930658479075377e-05,-0.005795814016493587,one_family,0.0
0.2390941999983624,0.001,0.983481599998413,family_sensitivity,17.257230486279028,2719.787529017578,chp,182578.0784461536,64725.0,466042.0,19335.0,ramping,179841.03368680444,0.9186042999990603,0.0,0.0648772999993525,6,optimal,2737.044759503857,5.318065561638839e-05,0.008930302392074112,one_family,0.0
0.5068089962005615,0.001,5.210158782601866,family_sensitivity,17.25723047739421,2719.787528975336,dwp_incremental,182578.0784461536,,,,ramping,179841.03368670147,5.152803182601929,,0.0573555999999371,6,optimal,2737.04475945273,5.3180598360597096e-05,0.008930300523934752,one_family,0.0
0.2257019999997283,0.001,1.0074031999993167,family_sensitivity,17.198234950335017,2719.574007806538,chp,182577.88781495224,64725.0,466042.0,19335.0,ramping,179841.11563259704,0.94150769999942,0.0,0.0658954999998968,7,optimal,2736.772242756873,9.874636133807168e-05,-0.0010271921869821543,one_family,0.0
0.4640090465545654,0.001,4.936381449817418,family_sensitivity,17.198226881681034,2719.573991630747,dwp_incremental,182577.88781495224,,,,ramping,179841.11559644004,4.878010749816895,,0.0583707000005233,7,optimal,2736.772218512428,9.872625635049678e-05,-0.0010280780552109601,one_family,0.0
0.2135137000004761,0.001,0.97401759999957,family_sensitivity,17.212709228957053,2719.791112353094,chp,182577.93460379716,64725.0,466042.0,19335.0,ramping,179840.9307838204,0.911062099999981,0.0,0.0629554999995889,8,optimal,2737.003821582051,-4.038231896554488e-06,0.0074344708919008625,one_family,0.0
0.4677877426147461,0.001,4.824363581858052,family_sensitivity,17.212708824230003,2719.791111441182,dwp_incremental,182577.93460379716,,,,ramping,179840.9307835309,4.7647864818573,,0.0595771000007516,8,optimal,2737.003820265412,-4.038392869803793e-06,0.0074344227831998535,one_family,0.0
0.2241940999992948,0.001,1.011703900001521,family_sensitivity,17.155515786142733,2719.673186522385,chp,182577.74982194303,64725.0,466042.0,19335.0,ramping,179840.92112298423,0.9482669000008171,0.0,0.0634370000007038,9,optimal,2736.828702308528,-9.410110106616329e-06,0.0010357844401961047,one_family,0.0
0.4978556632995605,0.001,4.771348349948312,family_sensitivity,17.155515700413552,2719.673185464077,dwp_incremental,182577.74982194303,,,,ramping,179840.92112077828,4.71185564994812,,0.0594927000001916,9,optimal,2736.828701164491,-9.411336720510399e-06,0.0010357426382059675,one_family,0.0
0.2343426999996154,0.001,1.0005404999992606,family_sensitivity,17.075597090127438,2719.5228873548413,chp,182577.49161319295,64725.0,466042.0,19335.0,ramping,179840.8937089718,0.9388409999992292,0.0,0.0616995000000315,10,optimal,2736.598484444969,-2.4653587334999178e-05,-0.007376150436317592,one_family,0.0
0.4146327972412109,0.001,4.5135157353724935,family_sensitivity,17.07559570463711,2719.522885200372,dwp_incremental,182577.49161319295,,,,ramping,179840.89313228877,4.454636335372925,,0.0588793999995687,10,optimal,2736.598480905009,-2.497425015812045e-05,-0.007376279782977029,one_family,0.0
0.2252714000005653,0.005,0.9201824000010674,family_sensitivity,16.854368332009702,2719.103394818808,chp,182576.7768632684,64725.0,466042.0,19335.0,ramping,179840.81950990844,0.8574358000005304,0.0,0.062746600000537,1,optimal,2735.9577631508178,-6.591174810766182e-05,-0.030787477937460624,one_family,0.0
0.4014086723327636,0.005,4.586166779681662,family_sensitivity,16.854368457703316,2719.1033924235435,dwp_incremental,182576.7768632684,,,,ramping,179840.8191023868,4.5264105796813965,,0.0597562000002653,1,optimal,2735.957760881247,-6.613834926225618e-05,-0.030787560865351577,one_family,0.0
0.2189866000007896,0.005,0.94434000000183,family_sensitivity,17.078883854175583,2719.2793126231822,chp,182577.50223666435,64725.0,466042.0,19335.0,ramping,179841.1440403293,0.8818967000006523,0.0,0.0624433000011777,2,optimal,2736.358196477358,0.00011454239341299305,-0.01615603703549469,one_family,0.0
0.4072160720825195,0.005,4.909428734219546,family_sensitivity,17.078883849453852,2719.279312485896,dwp_incremental,182577.50223666435,,,,ramping,179841.14404032877,4.84821343421936,,0.0612153000001853,2,optimal,2736.358196335349,0.00011454239312169733,-0.016156042224362677,one_family,0.0
0.2327388000012433,0.005,0.9560444000017014,family_sensitivity,17.279673708620916,2719.820487829351,chp,182578.1509566068,64725.0,466042.0,19335.0,ramping,179841.05079549036,0.8951647000012599,0.0,0.0608797000004415,3,optimal,2737.100161537972,6.269388775638489e-05,0.010954638365807736,one_family,0.0
0.3632631301879883,0.005,4.467730680327804,family_sensitivity,17.27967369506038,2719.8204877612707,dwp_incremental,182578.1509566068,,,,ramping,179841.0507951508,4.409262180328369,,0.0584684999994351,3,optimal,2737.100161456331,6.26936989482116e-05,0.010954635382733294,one_family,0.0
0.2265394999994896,0.005,0.9875544000005902,family_sensitivity,16.679799426355945,2719.618585744696,chp,182576.21285859263,64725.0,466042.0,19335.0,ramping,179839.9144734378,0.9231736000001548,0.0,0.0643808000004355,4,optimal,2736.298385171052,-0.0005691544916572391,-0.01834148348933472,one_family,0.0
0.4324841499328613,0.005,5.004124766293899,family_sensitivity,16.679799426613943,2719.6185857357664,dwp_incremental,182576.21285859263,,,,ramping,179839.9144734305,4.946481466293335,,0.0576433000005636,4,optimal,2736.2983851623803,-0.000569154495719196,-0.018341483806185645,one_family,0.0
0.2210324000006949,0.005,0.9372355000014068,family_sensitivity,16.973106692385787,2719.034192077137,chp,182577.1604875532,64725.0,466042.0,19335.0,ramping,179841.15318878434,0.8783343000013701,0.0,0.0589012000000366,5,optimal,2736.0072987695235,0.00011962936368221915,-0.028977495027454198,one_family,0.0
0.3348445892333984,0.005,4.710420430132217,family_sensitivity,16.97310669247543,2719.034192078184,dwp_incremental,182577.1604875532,,,,ramping,179841.15318878402,4.652838230133057,,0.0575821999991603,5,optimal,2736.0072987706594,0.00011962936350420509,-0.028977494985947375,one_family,0.0
0.2394415999988268,0.005,1.0133031999994273,family_sensitivity,17.678229572735802,2720.3439439028743,chp,182579.4386261561,64725.0,466042.0,19335.0,ramping,179841.41684622614,0.9521838000000572,0.0,0.0611193999993702,6,optimal,2738.02217347561,0.00026623527258352994,0.044644050016477525,one_family,0.0
0.4277589321136474,0.005,4.801794013055769,family_sensitivity,17.678229301023407,2720.343938920143,dwp_incremental,182579.4386261561,,,,ramping,179841.41645793468,4.74275541305542,,0.0590386000003491,6,optimal,2738.0221682211663,0.0002660193643120801,0.044643858024257854,one_family,0.0
0.2389105000002018,0.005,0.9576894999991056,family_sensitivity,17.383211347918213,2719.276379470698,chp,182578.4854701493,64725.0,466042.0,19335.0,ramping,179841.8260196468,0.8960847999987891,0.0,0.0616047000003163,7,optimal,2736.6595908186164,0.0004937548935912629,-0.00514338349236788,one_family,0.0
0.4080822467803955,0.005,4.762941847046022,family_sensitivity,17.383211320536702,2719.2763787564795,dwp_incremental,182578.4854701493,,,,ramping,179841.82588007217,4.705083847045898,,0.0578580000001238,7,optimal,2736.659590077016,0.0004936772835441727,-0.005143410589710201,one_family,0.0
0.2327379999987897,0.005,0.9780394999979762,family_sensitivity,17.455623024013683,2720.361959501734,chp,182578.71941437377,64725.0,466042.0,19335.0,ramping,179840.90184719718,0.9128462999979092,0.0,0.065193200000067,8,optimal,2737.817582525748,-2.012835216153509e-05,0.03716849742487234,one_family,0.0
0.4616084098815918,0.005,4.936525994897238,family_sensitivity,17.455621034793676,2720.3619487100545,dwp_incremental,182578.71941437377,,,,ramping,179840.9018446294,4.876607894897461,,0.059918099999777,8,optimal,2737.817569744848,-2.012977996367037e-05,0.03716803042331401,one_family,0.0
0.2288565000017115,0.005,0.9821397000014258,family_sensitivity,17.169655414724005,2719.772435908907,chp,182577.79550510336,64725.0,466042.0,19335.0,ramping,179840.85341378025,0.9178042000021378,0.0,0.064335499999288,9,optimal,2736.942091323631,-4.705960455416152e-05,0.005178907810425373,one_family,0.0
0.3562924861907959,0.005,4.554411513447121,family_sensitivity,17.16965541451952,2719.772435909028,dwp_incremental,182577.79550510336,,,,ramping,179840.8534137796,4.494290113449097,,0.0601213999980245,9,optimal,2736.942091323548,-4.705960491018962e-05,0.005178907807401257,one_family,0.0
0.2301521000008506,0.005,0.9578819000016664,family_sensitivity,16.77005556510154,2719.0207875047004,chp,182576.50446135303,64725.0,466042.0,19335.0,ramping,179840.71361984327,0.8950122000023839,0.0,0.0628696999992826,10,optimal,2735.790843069802,-0.00012479159288607893,-0.036886573938867656,one_family,0.0
0.3882935047149658,0.005,5.011233118602831,family_sensitivity,16.770055435895827,2719.020787287499,dwp_incremental,182576.50446135303,,,,ramping,179840.7136186311,4.952296018600464,,0.0589371000023675,10,optimal,2735.7908427233947,-0.00012479226691199967,-0.03688658659625539,one_family,0.0
0.2324537999993481,0.01,0.9511944999976548,family_sensitivity,16.556756200229128,2718.5585829594484,chp,182575.8153253838,64725.0,466042.0,19335.0,ramping,179840.69998974216,0.8892406999984814,0.0,0.0619537999991735,1,optimal,2735.1153391596777,-0.0001323705686499229,-0.061568824103777835,one_family,0.0
0.3821418285369873,0.01,4.710695135618153,family_sensitivity,16.556756143287107,2718.5585826962424,dwp_incremental,182575.8153253838,,,,ramping,179840.6999865436,4.651142835617065,,0.0595523000010871,1,optimal,2735.1153388395296,-0.00013237234720446647,-0.06156883580167338,one_family,0.0
0.2371929000000818,0.01,0.9924573999996936,family_sensitivity,17.005787451048263,2718.910249348703,chp,182577.2660721757,64725.0,466042.0,19335.0,ramping,179841.35003753926,0.9322893999997176,0.0,0.060167999999976,2,optimal,2735.916036799751,0.00022908650789817505,-0.03231211786931149,one_family,0.0
0.3761894702911377,0.01,4.545735953124677,family_sensitivity,17.005786927098555,2718.910248674798,dwp_incremental,182577.2660721757,,,,ramping,179841.3500365728,4.485190153121948,,0.0605458000027283,2,optimal,2735.9160356018965,0.00022908597050612823,-0.03231216163774137,one_family,0.0
0.2298061000001325,0.01,0.9624184999993304,family_sensitivity,17.407366628833884,2719.992760583887,chp,182578.5635120607,64725.0,466042.0,19335.0,ramping,179841.16339056764,0.9024941999996372,0.0,0.0599242999996931,3,optimal,2737.400127212721,0.00012530203388103376,0.021915089836301065,one_family,0.0
0.3819806575775146,0.01,4.768265511793288,family_sensitivity,17.407366618371395,2719.992760484537,dwp_incremental,182578.5635120607,,,,ramping,179841.16338495797,4.711982011795044,,0.0562834999982442,3,optimal,2737.4001271029083,0.0001252989146379571,0.02191508582384744,one_family,0.0
0.2350261999999929,0.01,0.9279263999997056,family_sensitivity,16.2076181836015,2719.588247585955,chp,182574.68731603224,64725.0,466042.0,19335.0,ramping,179838.89145236445,0.865184300000692,0.0,0.0627420999990135,4,optimal,2735.7958657695563,-0.001138002210344985,-0.036703049417430064,one_family,0.0
0.3573389053344726,0.01,4.517346783810353,family_sensitivity,16.2076180820891,2719.588246971344,dwp_incremental,182574.68731603224,,,,ramping,179838.89145097873,4.458337783813477,,0.0590089999968768,4,optimal,2735.7958650534333,-0.0011380029808707032,-0.03670307558385975,one_family,0.0
0.2350716000000829,0.01,0.9647452999997768,family_sensitivity,16.79423246358456,2718.420117914211,chp,182576.58257395335,64725.0,466042.0,19335.0,ramping,179841.36823672894,0.9058062000003702,0.0,0.0589390999994066,5,optimal,2735.214350377796,0.00023920611129893933,-0.0579510513298471,one_family,0.0
0.4528412818908691,0.01,4.734877308877913,family_sensitivity,16.79423261351833,2718.420117589811,dwp_incremental,182576.58257395335,,,,ramping,179841.36822374997,4.675838708877564,,0.0590386000003491,5,optimal,2735.2143502033296,0.000239198894382842,-0.05795105770468366,one_family,0.0
0.2289817999990191,0.01,0.9914818999968702,family_sensitivity,18.20447822290496,2721.038981305213,chp,182581.13885115925,64725.0,466042.0,19335.0,ramping,179841.89542455922,0.928424999998242,0.0,0.063056899998628,6,optimal,2739.243459528118,0.000532347281491394,0.08926864421810045,one_family,0.0
0.4603357315063476,0.01,5.292676540761022,family_sensitivity,18.20447783014644,2721.0389804810816,dwp_incremental,182581.13885115925,,,,ramping,179841.89539284853,5.233337640762329,,0.0593388999986927,6,optimal,2739.243458311228,0.0005323296488600258,0.0892685997541405,one_family,0.0
0.2230292999993253,0.01,0.9814982999996572,family_sensitivity,17.614441942259912,2718.9041768536613,chp,182579.23253914557,64725.0,466042.0,19335.0,ramping,179842.7139215681,0.9183319999974628,0.0,0.0631663000021944,7,optimal,2736.518618795921,0.0009874700237151597,-0.010294362899394246,one_family,0.0
0.4840145111083984,0.01,4.990657445159741,family_sensitivity,17.61444186935937,2718.904176541792,dwp_incremental,182579.23253914557,,,,ramping,179842.71392073392,4.931016445159912,,0.0596409999998286,7,optimal,2736.5186184111512,0.000987469559875281,-0.010294376958509606,one_family,0.0
0.2254705000013928,0.01,0.936923299999762,family_sensitivity,17.75926140889561,2721.0752438589657,chp,182579.70042759465,64725.0,466042.0,19335.0,ramping,179840.8659233163,0.8750362999999197,0.0,0.0618869999998423,8,optimal,2738.834505267861,-4.010371553789147e-05,0.07432585675768898,one_family,0.0
0.4044601917266845,0.01,4.47298899227826,family_sensitivity,17.75926129541913,2721.075243693985,dwp_incremental,182579.70042759465,,,,ramping,179840.86592260524,4.411458492279053,,0.0615304999992076,8,optimal,2738.834504989404,-4.010411092327671e-05,0.07432584658315033,one_family,0.0
0.2180394999995769,0.01,0.9041234999967857,family_sensitivity,17.187330118828363,2719.8965111407542,chp,182577.8526090538,64725.0,466042.0,19335.0,ramping,179840.7687687683,0.8434376999975939,0.0,0.0606857999991916,9,optimal,2737.083841259582,-9.412620289190191e-05,0.01035831140464927,one_family,0.0
0.4446961879730224,0.01,4.613500969433517,family_sensitivity,17.187330057359056,2719.896510796792,dwp_incremental,182577.8526090538,,,,ramping,179840.76876819978,4.5516979694366455,,0.0618029999968712,9,optimal,2737.083840854151,-9.41265190124862e-05,0.010358296590584948,one_family,0.0
0.227727399997093,0.01,0.9541392999999516,family_sensitivity,16.388130108855695,2718.392845371397,chp,182575.2705215532,64725.0,466042.0,19335.0,ramping,179840.48954708062,0.8905916999974579,0.0,0.0635476000024937,10,optimal,2734.780975480253,-0.00024938656279832106,-0.07378614491854762,one_family,0.0
0.4427390098571777,0.01,4.668014106580813,family_sensitivity,16.388130100531004,2718.392845301791,dwp_incremental,182575.2705215532,,,,ramping,179840.48954615297,4.60874080657959,,0.0592733000012231,10,optimal,2734.780975402322,-0.0002493870786183018,-0.07378614776606857,one_family,0.0
0.2227572000010695,0.03,1.0056571000022814,family_sensitivity,15.366306912273632,2716.3810641447544,chp,182571.96917384551,64725.0,466042.0,19335.0,ramping,179840.2218031877,0.9420594000002892,0.0,0.063597700001992,1,optimal,2731.747371057028,-0.0003982647302602201,-0.18463107438996912,one_family,0.0
0.3162219524383545,0.03,4.510054908030725,family_sensitivity,15.366306887565749,2716.3810639468197,dwp_incremental,182571.96917384551,,,,ramping,179840.22180301105,4.450220108032227,,0.059834799998498,1,optimal,2731.747370834385,-0.00039826482849160877,-0.18463108252512367,one_family,0.0
0.224412299998221,0.03,0.9866806000027282,family_sensitivity,16.713399296657972,2717.43397222739,chp,182576.3214142212,64725.0,466042.0,19335.0,ramping,179842.17404557957,0.9252057000012428,0.0,0.0614749000014853,2,optimal,2734.147371524048,0.0006872736421829242,-0.09693741187367307,one_family,0.0
0.3612031936645508,0.03,4.588376968342345,family_sensitivity,16.713399236749964,2717.4339721517044,dwp_incremental,182576.3214142212,,,,ramping,179842.1740428428,4.5271992683410645,,0.0611777000012807,2,optimal,2734.1473713884543,0.0006872721204055543,-0.09693741682813883,one_family,0.0
0.2243745999985549,0.03,1.0188318000036816,family_sensitivity,17.91813834562523,2720.683442852882,chp,182580.21373387615,64725.0,466042.0,19335.0,ramping,179841.61215302785,0.9546730000001844,0.0,0.0641588000034971,3,optimal,2738.601581198507,0.00037483501846154486,0.06581503977638949,one_family,0.0
0.5066170692443848,0.03,4.7749247073916194,family_sensitivity,17.918138311641194,2720.683442685699,dwp_incremental,182580.21373387615,,,,ramping,179841.61215287982,4.716617107391357,,0.058307600000262,3,optimal,2738.60158099734,0.00037483493615432197,0.06581503242594319,one_family,0.0
0.2187822999985655,0.03,0.938622999998188,family_sensitivity,14.318892928225424,2719.461389218729,chp,182568.5851457908,64725.0,466042.0,19335.0,ramping,179834.80494977505,0.8773345999979938,0.0,0.061288400000194,4,optimal,2733.7802821469545,-0.0034102893957864123,-0.11035049757533351,one_family,0.0
0.3783485889434814,0.03,4.47484292246736,family_sensitivity,14.31889270211609,2719.4613886090965,dwp_incremental,182568.5851457908,,,,ramping,179834.80486447964,4.415346622467041,,0.059496300000319,4,optimal,2733.7802813112125,-0.0034103368240370395,-0.11035052811252472,one_family,0.0
0.2282029999987571,0.03,0.952042300003086,family_sensitivity,16.078736504958076,2715.9648962462907,chp,182574.27091955417,64725.0,466042.0,19335.0,ramping,179842.22742966315,0.8917990000009013,0.0,0.0602433000021846,5,optimal,2732.043632751249,0.0007169576975293196,-0.17380596273414892,one_family,0.0
0.4279773235321045,0.03,4.568296072018711,family_sensitivity,16.078736296378658,2715.9648956844703,dwp_incremental,182574.27091955417,,,,ramping,179842.22728757345,4.511980772018433,,0.0563153000002785,5,optimal,2732.043631980849,0.0007168786889876797,-0.17380599088380053,one_family,0.0
0.2330127999994147,0.03,1.0179146000009496,family_sensitivity,20.30947194717079,2723.813914790436,chp,182587.93975117183,64725.0,466042.0,19335.0,ramping,179843.81636443565,0.9551709000006668,0.0,0.0627437000002828,6,optimal,2744.123386737607,0.001600479986594606,0.26757639694297186,one_family,0.0
0.4883363246917724,0.03,5.110089730420441,family_sensitivity,20.30947194825824,2723.813914789745,dwp_incremental,182587.93975117183,,,,ramping,179843.8163644343,5.050334930419922,,0.059754800000519,6,optimal,2744.123386738004,0.0016004799858340005,0.26757639695747765,one_family,0.0
0.2174330999987432,0.03,0.9923047000011138,family_sensitivity,18.539363572729187,2717.4133007876303,chp,182582.2208151307,64725.0,466042.0,19335.0,ramping,179846.26815832956,0.9314961999989464,0.0,0.0608085000021674,7,optimal,2735.9526643603594,0.0029637924339972837,-0.030973782738578887,one_family,0.0
0.4203040599822998,0.03,4.89718858204651,family_sensitivity,18.53936406483439,2717.413299651809,dwp_incremental,182582.2208151307,,,,ramping,179846.26815141414,4.840306282043457,,0.0568823000030533,7,optimal,2735.952663716644,0.002963788588699635,-0.030973806259305844,one_family,0.0
0.2373514999999315,0.03,0.9727961000025972,family_sensitivity,18.97382288335748,2723.9256294087145,chp,182583.62448047797,64725.0,466042.0,19335.0,ramping,179840.72504594276,0.908375300001353,0.0,0.064420800001244,8,optimal,2742.899452292072,-0.00011843814543808557,0.222855033058383,one_family,0.0
0.4365007877349853,0.03,5.171047046591411,family_sensitivity,18.97382234083004,2723.9256280244967,dwp_incremental,182583.62448047797,,,,ramping,179840.72503011444,5.1095006465911865,,0.0615464000002248,8,optimal,2742.899450365326,-0.0001184469467277656,0.22285496265697877,one_family,0.0
0.2236402999988058,0.03,0.9650720999998156,family_sensitivity,17.258028630241803,2720.392941816777,chp,182578.08102485543,64725.0,466042.0,19335.0,ramping,179840.4300544195,0.9038576999992074,0.0,0.0612144000006082,9,optimal,2737.6509704470186,-0.0002824672738807127,0.03108065552483186,one_family,0.0
0.3899431228637695,0.03,4.392641287176957,family_sensitivity,17.25802862944268,2720.392941811242,dwp_incremental,182578.08102485543,,,,ramping,179840.43005441484,4.334941387176514,,0.0576999000004434,9,optimal,2737.650970440685,-0.00028246727647000797,0.031080655293403904,one_family,0.0
0.2267879000028188,0.03,0.9730954000042402,family_sensitivity,14.860429111957597,2715.877528932421,chp,182570.3347623536,64725.0,466042.0,19335.0,ramping,179839.59716346493,0.9103900000009162,0.0,0.062705400003324,10,optimal,2730.737958044379,-0.0007455937252969568,-0.2215140355756834,one_family,0.0
0.2810838222503662,0.03,4.314234538589517,family_sensitivity,14.860428758273091,2715.877526364112,dwp_incremental,182570.3347623536,,,,ramping,179839.59680723085,4.2570860385894775,,0.0571485000000393,10,optimal,2730.737955122385,-0.000745791808164007,-0.2215141423424815,one_family,0.0
0.2433238000012352,0.05,0.9797926999999618,family_sensitivity,14.175857203360824,2714.2062986849637,chp,182568.12302230723,64725.0,466042.0,19335.0,ramping,179839.74086804857,0.91554030000043,0.0,0.0642523999995319,1,optimal,2728.382155888324,-0.0006656872339292209,-0.3075927351705759,one_family,0.0
0.3460545539855957,0.05,4.626345396227407,family_sensitivity,14.17585763114637,2714.206297460946,dwp_incremental,182568.12302230723,,,,ramping,179839.74086721652,4.569052696228027,,0.0572926999993796,1,optimal,2728.3821550920925,-0.0006656876965877336,-0.30759276426410065,one_family,0.0
0.2485866000024543,0.05,0.9756227000034414,family_sensitivity,16.421011114964337,2716.802000350736,chp,182576.2210929184,64725.0,466042.0,19335.0,ramping,179842.99837503562,0.917724900002213,0.0,0.0578978000012284,2,optimal,2733.2230114657,0.0011456394987048016,-0.13071262155143265,one_family,0.0
0.4284048080444336,0.05,5.498060310776054,family_sensitivity,16.42101154955838,2716.801998192724,dwp_incremental,182576.2210929184,,,,ramping,179842.99808317804,5.439404010772705,,0.0586563000033493,2,optimal,2733.223009742282,0.0011454772121973103,-0.13071268452343127,one_family,0.0
0.2288287000010314,0.05,1.0257978999979969,family_sensitivity,18.42891021392224,2721.37667126398,chp,182581.8639556917,64725.0,466042.0,19335.0,ramping,179842.05837514703,0.9624341999988246,0.0,0.0633636999991722,3,optimal,2739.8055814779023,0.0006229554542347324,0.10980802878688528,one_family,0.0
0.4022738933563232,0.05,4.88106555221384,family_sensitivity,18.42891000414286,2721.3766709798565,dwp_incremental,182581.8639556917,,,,ramping,179842.0583747079,4.825273752212524,,0.055791800001316,3,optimal,2739.805580984,0.00062295521006419,0.10980801074017386,one_family,0.0
0.2237405000014405,0.05,0.9338989999996556,family_sensitivity,12.43016747336702,2719.875540233897,chp,182562.48297554933,64725.0,466042.0,19335.0,ramping,179830.177270612,0.8665707000000111,0.0,0.0673282999996445,4,optimal,2732.3057077072635,-0.005983496149105229,-0.1642300009530842,one_family,0.0
0.4380795955657959,0.05,4.571475690951047,family_sensitivity,12.430167322423534,2719.875538579969,dwp_incremental,182562.48297554933,,,,ramping,179830.17726964754,4.508076190948486,,0.0633995000025606,4,optimal,2732.305705902393,-0.005983496685396825,-0.1642300669012782,one_family,0.0
0.2374189000001934,0.05,1.0234434999947553,family_sensitivity,15.36324264269649,2714.712638662457,chp,182573.16049866777,64725.0,466042.0,19335.0,ramping,179843.08463004173,0.9633857999979228,0.0,0.0600576999968325,5,optimal,2730.0758813051534,0.0011936013293373925,-0.24570567008883054,one_family,0.0
0.4110002517700195,0.05,4.552278337865573,family_sensitivity,15.36323997968113,2714.712628958599,dwp_incremental,182573.16049866777,,,,ramping,179843.0846297283,4.493001937866211,,0.0592763999993621,5,optimal,2730.07586893828,0.0011936011550616387,-0.2457061219622485,one_family,0.0
0.2363091000006534,0.05,1.0085634999995818,family_sensitivity,22.414466055821144,2726.6369309725123,chp,182594.7406511844,64725.0,466042.0,19335.0,ramping,179845.6892545001,0.942317600001843,0.0,0.0662458999977388,6,optimal,2749.0513970283337,0.002641894741645166,0.44764105828380946,one_family,0.0
0.5018565654754639,0.05,5.174023966272216,family_sensitivity,22.41446606318428,2726.6369306208417,dwp_incremental,182594.7406511844,,,,ramping,179845.68925450195,5.076860666275024,,0.0971632999971916,6,optimal,2749.051396684026,0.002641894742680884,0.4476410457031379,one_family,0.0
0.2763768999975582,0.05,1.1742187999989255,family_sensitivity,19.464286259620145,2715.9191139127315,chp,182585.20909111592,64725.0,466042.0,19335.0,ramping,179849.82569094576,1.100568899997597,0.0,0.0736499000013282,7,optimal,2735.383400172352,0.004941947494152875,-0.05177413768505437,one_family,0.0
0.489001989364624,0.05,5.072461303538148,family_sensitivity,19.46428625924724,2715.91911391266,dwp_incremental,182585.20909111592,,,,ramping,179849.825690944,5.013001203536987,,0.0594601000011607,7,optimal,2735.383400171907,0.00494194749318189,-0.05177413770132146,one_family,0.0
0.2615748999996867,0.05,0.9977403000011692,family_sensitivity,20.18838324281011,2726.7715404490286,chp,182587.5485333613,64725.0,466042.0,19335.0,ramping,179840.58861076483,0.8947545000009995,0.0,0.1029858000001695,8,optimal,2746.959923691839,-0.0001943025061426711,0.37122067443274837,one_family,0.0
0.3364603519439697,0.05,4.359546765303094,family_sensitivity,20.188383387198165,2726.771539390722,dwp_incremental,182587.5485333613,,,,ramping,179840.58861058333,4.299458265304565,,0.0600884999985282,8,optimal,2746.95992277792,-0.00019430260706045362,0.37122064103904695,one_family,0.0
0.2504479999988689,0.05,1.0766010000006645,family_sensitivity,17.328727199621706,2720.8895840491737,chp,182578.3094406572,64725.0,466042.0,19335.0,ramping,179840.09113232384,1.0050666999995883,0.0,0.0715343000010761,9,optimal,2738.2183112487955,-0.00047092386187546633,0.05181073182541012,one_family,0.0
0.4413385391235351,0.05,5.184432484085846,family_sensitivity,17.328727201507103,2720.889583176008,dwp_incremental,182578.3094406572,,,,ramping,179840.0911302842,5.123337984085083,,0.0610945000007632,9,optimal,2738.218310377515,-0.00047092499600297054,0.05181069998967679,one_family,0.0
0.2576518000023498,0.05,1.0806936000008136,family_sensitivity,13.332728144281054,2713.377206020762,chp,182565.39900315407,64725.0,466042.0,19335.0,ramping,179838.68910734885,0.9928773999999976,0.0,0.087816200000816,10,optimal,2726.7099341650437,-0.0012505155333935626,-0.36869407638650026,one_family,0.0
0.3808419704437256,0.05,4.293698832556402,family_sensitivity,13.332727416387364,2713.3772047999246,dwp_incremental,182565.39900315407,,,,ramping,179838.6890709372,4.224844932556152,,0.0688539000002492,10,optimal,2726.709932216312,-0.0012505357799832218,-0.3686941475912393,one_family,0.0
0.2977572000017972,0.001,1.0806764000008116,family_sensitivity,16.87644303346204,2704.30259249901,chp,182591.20610468343,64725.0,466042.0,19335.0,cost,179870.02712252358,1.0119618000026094,0.0,0.0687145999982021,1,optimal,2721.1790355324724,0.016174891337356275,-0.5707876862676495,one_family,0.0
0.4057793617248535,0.001,4.499059352729091,family_sensitivity,16.876439398825983,2704.3025858936344,dwp_incremental,182591.20610468343,,,,cost,179870.02707939086,4.436780452728272,,0.0622789000008197,1,optimal,2721.17902529246,0.01617486735353968,-0.5707880604276498,one_family,0.0
0.2519396999996388,0.001,1.1026131999969948,family_sensitivity,17.518172672859247,2732.40326908906,chp,182541.3969318909,64725.0,466042.0,19335.0,cost,179791.47549130733,1.023215999997774,0.0,0.0793971999992209,2,optimal,2749.921441761919,-0.027503501396596807,0.47943163928142735,one_family,0.0
0.4986202716827392,0.001,4.638949884491012,family_sensitivity,17.518172503552492,2732.403268947764,dwp_incremental,182541.3969318909,,,,cost,179791.47549043983,4.579619884490967,,0.0593300000000454,2,optimal,2749.9214414513167,-0.02750350187896633,0.4794316279323187,one_family,0.0
0.2698262000012619,0.001,1.0354769000005035,family_sensitivity,16.811321859768004,2714.5413649681245,chp,182477.9259757989,64725.0,466042.0,19335.0,cost,179746.57328967666,0.96382789999916,0.0,0.0716490000013436,3,optimal,2731.3526868278927,-0.0524712323918228,-0.1990524489129763,one_family,0.0
0.4258756637573242,0.001,4.495609989087825,family_sensitivity,16.8113217907998,2714.541364537858,dwp_incremental,182477.9259757989,,,,cost,179746.5732894706,4.436877489089966,,0.0587324999978591,3,optimal,2731.352686328658,-0.05247123250639912,-0.19905246715452718,one_family,0.0
0.2331610000001092,0.001,1.0231888000016625,family_sensitivity,17.047318607895647,2707.188307557284,chp,182638.75176590908,64725.0,466042.0,19335.0,cost,179914.5161397504,0.951859400000103,0.0,0.0713294000015594,4,optimal,2724.23562616518,0.040912872416718774,-0.45910286325262817,one_family,0.0
0.5070450305938721,0.001,5.086002694646595,family_sensitivity,17.0473186081086,2707.1883075574697,dwp_incremental,182638.75176590908,,,,cost,179914.51613974283,5.023040294647217,,0.0629623999993782,4,optimal,2724.235626165578,0.04091287241251117,-0.45910286323807253,one_family,0.0
0.2592891000022064,0.001,1.0364108000030685,family_sensitivity,17.299786280350204,2736.894430529668,chp,182650.51427855168,64725.0,466042.0,19335.0,cost,179896.32006556666,0.9436086000023352,0.0,0.0928022000007331,5,optimal,2754.1942168100186,0.030795001379445085,0.6355546476828817,one_family,0.0
0.507624626159668,0.001,5.312226430240116,family_sensitivity,17.299786299684754,2736.8944297046314,dwp_incremental,182650.51427855168,,,,cost,179896.32006254696,5.225626230239868,,0.0866002000002481,5,optimal,2754.1942160043163,0.030794999700351846,0.6355546182433117,one_family,0.0
0.2389794000009715,0.001,1.0240626000013435,family_sensitivity,17.229808298171395,2704.388312292497,chp,182563.2818303124,64725.0,466042.0,19335.0,cost,179841.66374339358,0.9315835000015796,0.0,0.092479099999764,6,optimal,2721.6181205906687,0.00040352168251953004,-0.5547439490107066,one_family,0.0
0.4816031455993652,0.001,4.675406960850523,family_sensitivity,17.229806132782784,2704.3883005240223,dwp_incremental,182563.2818303124,,,,cost,179841.66372365554,4.613605260848999,,0.0618017000015242,6,optimal,2721.618106656805,0.0004035107072413719,-0.554744458140411,one_family,0.0
0.2540750000007392,0.001,1.0371304999971471,family_sensitivity,16.866498274965068,2718.4240678060205,chp,182638.9231962289,64725.0,466042.0,19335.0,cost,179903.6326311884,0.9729750999977114,0.0,0.0641553999994357,7,optimal,2735.2905660809856,0.03486113098329878,-0.05516620430761205,one_family,0.0
0.4845077991485595,0.001,4.450824153915164,family_sensitivity,16.866498321294756,2718.424066906832,dwp_incremental,182638.9231962289,,,,cost,179903.63263100194,4.387508153915405,,0.0633159999997587,7,optimal,2735.2905652281265,0.034861130879613685,-0.055166235470246947,one_family,0.0
0.2401293000002624,0.001,0.962740400002076,family_sensitivity,17.65394621653358,2722.8810780578324,chp,182590.5920067282,64725.0,466042.0,19335.0,cost,179850.05730035593,0.8944241000026523,0.0,0.0683162999994237,8,optimal,2740.535024274366,0.005070733193719372,0.13646115294126115,one_family,0.0
0.4781351089477539,0.001,5.068118269438855,family_sensitivity,17.653940186857536,2722.8810721158807,dwp_incremental,182590.5920067282,,,,cost,179850.05699442577,5.009134769439697,,0.058983499999158,8,optimal,2740.5350123027383,0.005070563082199793,0.13646071550972522,one_family,0.0
0.2807180000017979,0.001,1.0944433999975445,family_sensitivity,17.73388399936312,2719.9536457201657,chp,182625.1804955843,64725.0,466042.0,19335.0,cost,179887.49296611303,1.02520050000021,0.0,0.0692428999973344,9,optimal,2737.687529719529,0.02588671990053041,0.03241649547545139,one_family,0.0
0.5146846771240234,0.001,4.707745462423191,family_sensitivity,17.733883997399595,2719.953645549019,dwp_incremental,182625.1804955843,,,,cost,179887.49296603914,4.646682262420654,,0.0610632000025361,9,optimal,2737.6875295464183,0.02588671985944153,0.032416489150163805,one_family,0.0
0.2485865000016929,0.001,1.0865200000043842,family_sensitivity,17.338502319023444,2723.066381277279,chp,182618.95673506256,64725.0,466042.0,19335.0,cost,179878.55185675278,1.0119160000031115,0.0,0.0746040000012726,10,optimal,2740.4048835963026,0.020915043563991136,0.13170594024085924,one_family,0.0
0.3645350933074951,0.001,4.516007403679396,family_sensitivity,17.33850191122222,2723.066379316275,dwp_incremental,182618.95673506256,,,,cost,179878.55185383567,4.453531503677368,,0.0624759000020276,10,optimal,2740.404881227497,0.020915041941943307,0.13170585368701995,one_family,0.0
0.2418102000010549,0.005,1.0087736000023142,family_sensitivity,15.774274202664596,2643.3175038396603,chp,182645.0769188052,64725.0,466042.0,19335.0,cost,179985.98515055413,0.9354732000028888,0.0,0.0733003999994252,1,optimal,2659.0917780423247,0.08065299587257307,-2.8393951635251313,one_family,0.0
0.5499429702758789,0.005,4.991329856940865,family_sensitivity,15.774273906668562,2643.317503483093,dwp_incremental,182645.0769188052,,,,cost,179985.98514141588,4.933939456939697,,0.057390400001168,1,optimal,2659.0917773897613,0.08065299079127533,-2.8393951873691563,one_family,0.0
0.2307637000012619,0.005,1.1030325000028824,family_sensitivity,18.98293942983983,2783.4228480660745,chp,182396.0310548428,64725.0,466042.0,19335.0,cost,179593.62526734962,1.0080555000022289,0.0,0.0949770000006537,2,optimal,2802.4057874959144,-0.13751750939007382,2.3971581420183603,one_family,0.0
0.5019500255584717,0.005,4.91843541847993,family_sensitivity,18.982939430446624,2783.4228480649385,dwp_incremental,182396.0310548428,,,,cost,179593.62526734718,4.8579490184783936,,0.0604864000015368,2,optimal,2802.405787495385,-0.1375175093914332,2.3971581419990193,one_family,0.0
0.2353918999979214,0.005,0.9909814999955416,family_sensitivity,15.448685867193364,2694.519294828912,chp,182078.6762743825,64725.0,466042.0,19335.0,cost,179368.7082937581,0.9205836999972234,0.0,0.070397799998318,3,optimal,2709.967980696105,-0.26258190019842376,-0.9804286312516183,one_family,0.0
0.4483091831207275,0.005,4.9067207902007794,family_sensitivity,15.448685867269567,2694.519294764642,dwp_incremental,182078.6762743825,,,,cost,179368.70829375152,4.842310190200806,,0.0644105999999737,3,optimal,2709.967980631912,-0.2625819002020811,-0.9804286335971693,one_family,0.0
0.2783975999991526,0.005,1.1020447999981116,family_sensitivity,16.628670237218547,2657.552985773297,chp,182882.80522493343,64725.0,466042.0,19335.0,cost,180208.6235797116,1.015330799997173,0.0,0.0867140000009385,4,optimal,2674.181656010516,0.20445040906236228,-2.28802582666928,one_family,0.0
0.3955826759338379,0.005,4.518287015722308,family_sensitivity,16.628669952384698,2657.552985210382,dwp_incremental,182882.80522493343,,,,cost,180208.62356977095,4.456581115722656,,0.0617058999996515,4,optimal,2674.1816551627667,0.2044504035348966,-2.2880258576452004,one_family,0.0
0.283804799997597,0.005,1.1438654999983555,family_sensitivity,17.891008410456536,2805.878651862788,chp,182941.6177881464,64725.0,466042.0,19335.0,cost,180117.84812788884,1.0701735999973607,0.0,0.0736919000009947,5,optimal,2823.769660273244,0.1539749985084914,3.177773094023902,one_family,0.0
0.4480781555175781,0.005,4.940370608386729,family_sensitivity,17.89100841032301,2805.878651850922,dwp_incremental,182941.6177881464,,,,cost,180117.84812788496,4.880076408386231,,0.0602942000004986,5,optimal,2823.769660261245,0.15397499850633903,3.1777730935854716,one_family,0.0
0.2541206999994756,0.005,1.1384107999983826,family_sensitivity,17.54110762519364,2643.9928246344307,chp,182505.45554694984,64725.0,466042.0,19335.0,cost,179843.9216466816,1.0711129999981497,0.0,0.0672978000002331,6,optimal,2661.533932259624,0.0016590218553728358,-2.7501612443290595,one_family,0.0
0.4536771774291992,0.005,4.389971519402025,family_sensitivity,17.5411075737742,2643.9928243681097,dwp_incremental,182505.45554694984,,,,cost,179843.92161500725,4.320674419403076,,0.0692970999989484,6,optimal,2661.533931941884,0.0016590042429379707,-2.7501612559389734,one_family,0.0
0.2862367999987327,0.005,1.095857000000251,family_sensitivity,15.724568525739013,2714.3973354353816,chp,182883.66237653245,64725.0,466042.0,19335.0,cost,180153.5404726094,1.0000317000012728,0.0,0.0958252999989781,7,optimal,2730.121903961121,0.17382161691936215,-0.2440240473908415,one_family,0.0
0.4995687007904053,0.005,5.241760814693407,family_sensitivity,15.724568520271353,2714.3973354174573,dwp_incremental,182883.66237653245,,,,cost,180153.54047259456,5.167567014694214,,0.0741937999991932,7,optimal,2730.121903937729,0.17382161691110878,-0.24402404824556967,one_family,0.0
0.2366077000006043,0.005,1.0331962999989628,family_sensitivity,19.66177794026896,2735.811864493009,chp,182642.0064290287,64725.0,466042.0,19335.0,cost,179886.5328403439,0.9547428999976546,0.0,0.0784534000013081,8,optimal,2755.473642433278,0.02535284492213559,0.6823036047612671,one_family,0.0
0.4480860233306885,0.005,5.034507617332565,family_sensitivity,19.66177784767188,2735.8118639035006,dwp_incremental,182642.0064290287,,,,cost,179886.53278727754,4.971087217330933,,0.0634204000016325,8,optimal,2755.4736417511726,0.025352815414753444,0.6823035798377989,one_family,0.0
0.2559707000000344,0.005,1.07730409999931,family_sensitivity,20.06149697570328,2721.174731148488,chp,182814.94887330945,64725.0,466042.0,19335.0,cost,180073.71264660772,0.9961607000004732,0.0,0.0811433999988366,9,optimal,2741.236228124191,0.1294336000034541,0.16208245368958882,one_family,0.0
0.4759194850921631,0.005,5.132834782638383,family_sensitivity,20.06149690026057,2721.174731066175,dwp_incremental,182814.94887330945,,,,cost,180073.71264534307,5.06391978263855,,0.0689149999998335,9,optimal,2741.2362279664358,0.12943359930025009,0.16208244792537446,one_family,0.0
0.2451425999970524,0.005,1.0762901999951282,family_sensitivity,18.084586758399755,2736.7384005404133,chp,182783.8300707008,64725.0,466042.0,19335.0,cost,180029.00708645344,1.0057573999984015,0.0,0.0705327999967266,10,optimal,2754.822987298813,0.1045752108958565,0.6585293044807681,one_family,0.0
0.5517597198486328,0.005,5.431810534842953,family_sensitivity,18.08458646769449,2736.738399904493,dwp_incremental,182783.8300707008,,,,cost,180029.00708432906,5.372757434844971,,0.0590530999979819,10,optimal,2754.822986372188,0.10457520971460382,0.6585292706227984,one_family,0.0
0.2907710999970732,0.01,1.1637859000002209,family_sensitivity,14.396567123989742,2567.5753814748864,chp,182712.41543645744,64725.0,466042.0,19335.0,cost,180130.44348991974,1.0856432000000495,0.0,0.0781427000001713,1,optimal,2581.971948598876,0.16097861079373443,-5.657278072075108,one_family,0.0
0.3556311130523681,0.01,4.149898232120904,family_sensitivity,14.396567040723411,2567.5753812624293,dwp_incremental,182712.41543645744,,,,cost,180130.44348815377,4.092632532119751,,0.0572657000011531,1,optimal,2581.9719483031527,0.16097860981177659,-5.657278082880557,one_family,0.0
0.2601820999989286,0.01,1.074217999997927,family_sensitivity,20.813898225423443,2847.2527825756474,chp,182214.32370853252,64725.0,466042.0,19335.0,cost,179346.25703058817,0.9813893999998982,0.0,0.0928285999980289,2,optimal,2868.066680801071,-0.275065855972811,4.796342765998915,one_family,0.0
0.4589030742645263,0.01,4.710707309131976,family_sensitivity,20.813898089026083,2847.25278234346,dwp_incremental,182214.32370853252,,,,cost,179346.25702810043,4.650905609130859,,0.0598017000011168,2,optimal,2868.0666804324865,-0.27506585735610967,4.796342752531197,one_family,0.0
0.2593028000010235,0.01,1.0428580999978294,family_sensitivity,79.06789702216517,2606.762881471906,chp,181578.85152908167,64725.0,466042.0,19335.0,cost,178893.0207527157,0.9381733000009262,0.0,0.1046847999969031,3,optimal,2685.830778494071,-0.5270864930960413,-1.8623783196284731,one_family,0.0
0.4162201881408691,0.01,4.654192600421084,family_sensitivity,79.06789672686224,2606.762880211062,dwp_incremental,181578.85152908167,,,,cost,178893.0207521448,4.587215900421143,,0.066976699999941,3,optimal,2685.8307769379244,-0.5270864934134889,-1.8623783764885504,one_family,0.0
0.2575541000005614,0.01,1.126670900001045,family_sensitivity,16.105359132532676,2596.378058525316,chp,183187.87204871397,64725.0,466042.0,19335.0,cost,180575.3886309936,1.0617687000012666,0.0,0.0649021999997785,4,optimal,2612.483417657849,0.40838898682253927,-4.542418926295004,one_family,0.0
0.4995908737182617,0.01,4.886659738029266,family_sensitivity,16.105359132019714,2596.378058526199,dwp_incremental,183187.87204871397,,,,cost,180575.38863105536,4.819589138031006,,0.0670705999982601,4,optimal,2612.4834176582185,0.4083889868568798,-4.542418926281495,one_family,0.0
0.310769399999117,0.01,1.2431487999965611,family_sensitivity,18.630061232500616,2900.244125189036,chp,183305.49717513984,64725.0,466042.0,19335.0,cost,180386.6230259472,1.1735622999985935,0.0,0.0695864999979676,5,optimal,2918.8741864215367,0.3034264532096942,6.652799176071147,one_family,0.0
0.2982449531555176,0.01,4.701697590480762,family_sensitivity,18.630036049006375,2900.244116665209,dwp_incremental,183305.49717513984,,,,cost,180386.6230224243,4.645245790481567,,0.0564517999991949,5,optimal,2918.874152714215,0.30342645125079526,6.652797944438686,one_family,0.0
0.2398895000005723,0.01,1.0796141999962856,family_sensitivity,19.911362230742235,2567.095405376882,chp,182433.1726927465,64725.0,466042.0,19335.0,cost,179846.1659259447,0.9695749999991676,0.0,0.1100391999971179,6,optimal,2587.006767607624,0.002906946431088026,-5.473310724963727,one_family,0.0
0.5429205894470215,0.01,4.520608933860785,family_sensitivity,19.911362230416195,2567.0954046144866,dwp_incremental,182433.1726927465,,,,cost,179846.16592590266,4.460920333862305,,0.0596885999984806,6,optimal,2587.006766844903,0.002906946407719637,-5.473310752832817,one_family,0.0
0.2251458999999158,0.01,1.0943866000015987,family_sensitivity,14.297156627542536,2711.9451182885714,chp,183189.5863519118,64725.0,466042.0,19335.0,cost,180463.3441210249,0.9970255000007456,0.0,0.0973611000008531,7,optimal,2726.2422749161137,0.3460869819587036,-0.3857818865398077,one_family,0.0
0.5866580009460449,0.01,5.21525980692968,family_sensitivity,14.297156267866583,2711.945113445294,dwp_incremental,183189.5863519118,,,,cost,180463.3440821993,5.143660306930542,,0.071599499999138,7,optimal,2726.242269713161,0.3460869603698556,-0.3857820766505952,one_family,0.0
0.2588648999990255,0.01,1.0153935000016645,family_sensitivity,22.171575165075563,2751.975355085252,chp,182706.2744569043,64725.0,466042.0,19335.0,cost,179932.12752951682,0.9362441999983276,0.0,0.0791493000033369,8,optimal,2774.1469302503274,0.050705631483562864,1.3646072219481116,one_family,0.0
0.7373688220977783,0.01,5.613575393759675,family_sensitivity,22.17157492368028,2751.975353638537,dwp_incremental,182706.2744569043,,,,cost,179932.12752834224,5.557368993759155,,0.0562064000005193,8,optimal,2774.146928562217,0.050705630830445506,1.3646071602662142,one_family,0.0
0.2820247999989078,0.01,1.182745000001887,family_sensitivity,22.971013062185687,2725.155995711824,chp,183052.1593454659,64725.0,466042.0,19335.0,cost,180304.03233718724,1.0804196999997655,0.0,0.1023253000021213,9,optimal,2748.127008774009,0.2575021549619103,0.41386481835273115,one_family,0.0
0.4284877777099609,0.01,4.673462137925526,family_sensitivity,22.97101302877397,2725.1559955788957,dwp_incremental,183052.1593454659,,,,cost,180304.0323368631,4.610487937927246,,0.0629741999982798,9,optimal,2748.1270086076693,0.25750215478167915,0.4138648122748395,one_family,0.0
0.2292807000012544,0.01,1.2402701999999408,family_sensitivity,19.017194861581125,2756.3144781653787,chp,182989.9217402485,64725.0,466042.0,19335.0,cost,180214.59007895525,1.177803099999437,0.0,0.0624671000005037,10,optimal,2775.33167302696,0.20776806260024916,1.407896560700458,one_family,0.0
0.5119500160217285,0.01,5.187388717400609,family_sensitivity,19.01719216354866,2756.3144740290427,dwp_incremental,182989.9217402485,,,,cost,180214.5900740562,5.124946117401123,,0.0624425999994855,10,optimal,2775.3316661925915,0.20776805987614871,1.4078963109793425,one_family,0.0
0.2434875999970245,0.03,1.0600834999968356,family_sensitivity,88.89751482056296,2204.3385244853966,chp,182980.31591263527,64725.0,466042.0,19335.0,cost,180687.079897147,0.9904844999982744,0.0,0.0695989999985613,1,optimal,2293.23603930596,0.47049457155024144,-16.20740492988632,one_family,0.0
9.600170135498049,0.03,14.091599758117807,family_sensitivity,88.89751465057084,2204.3385232178807,dwp_incremental,182980.31591263527,,,,cost,180687.07987476647,14.020169258117676,,0.0714305000001331,1,optimal,2293.236037868452,0.47049455910561916,-16.207404982411443,one_family,0.0
0.222891500001424,0.03,1.0073339000009582,family_sensitivity,28.1377327247277,3116.151244158791,chp,181487.4943232918,64725.0,466042.0,19335.0,cost,178343.20534644765,0.9142447000012908,0.0,0.0930891999996674,2,optimal,3144.288976883519,-0.8328096572661295,14.889234473726688,one_family,0.0
0.4767525196075439,0.03,4.8639851324151095,family_sensitivity,28.137732723987597,3116.1512441567725,dwp_incremental,181487.4943232918,,,,cost,178343.2053464115,4.807752132415772,,0.056232999999338,2,optimal,3144.28897688076,-0.8328096572862289,14.889234473625878,one_family,0.0
0.2620457000011811,0.03,1.0608186999997995,family_sensitivity,76.5234752689922,2543.7106232484884,chp,179570.65795304615,64725.0,466042.0,19335.0,cost,176950.42390928013,0.9905223999994632,0.0,0.0702963000003364,3,optimal,2620.234098517481,-1.6072614880331657,-4.2592166515804495,one_family,0.0
0.3835301399230957,0.03,4.623002463897137,family_sensitivity,76.52347505037777,2543.7106230615072,dwp_incremental,179570.65795304615,,,,cost,176950.4238549344,4.569530963897705,,0.0534714999994321,3,optimal,2620.234098111885,-1.6072615182519405,-4.259216666400529,one_family,0.0
0.233550799999648,0.03,1.0400234999979148,family_sensitivity,55.80056251840488,2311.9780650581934,chp,184398.9056069848,64725.0,466042.0,19335.0,cost,182031.1269795232,0.9731366999985768,0.0,0.0668867999993381,4,optimal,2367.7786275765984,1.2178478143535096,-13.483691885358121,one_family,0.0069444444444444
0.4906163215637207,0.03,4.394656908763864,family_sensitivity,55.80056251635816,2311.9780650561424,dwp_incremental,184398.9056069848,,,,cost,182031.1269794128,4.336614608764648,,0.0580422999992151,4,optimal,2367.7786275725007,1.2178478142921272,-13.483691885507849,one_family,0.0069444444444444
0.2617608000000473,0.03,1.1222361999971326,family_sensitivity,16.15275673159304,3319.642506498005,chp,184761.01472311356,64725.0,466042.0,19335.0,cost,181425.21946993528,1.052626099997724,0.0,0.0696100999994087,5,optimal,3335.795263229598,0.880934808799565,21.88668629732298,one_family,0.0
0.3512611389160156,0.03,4.159849075967941,family_sensitivity,16.15275641557711,3319.6425004629664,dwp_incremental,184761.01472311356,,,,cost,181425.2194662353,4.099262475967407,,0.0605866000005335,5,optimal,3335.795256878544,0.880934806742208,21.886686065261706,one_family,0.0
0.2302357000007759,0.03,0.957732599999872,family_sensitivity,32.98584365394541,2289.982716616406,chp,182144.0412759335,64725.0,466042.0,19335.0,cost,179821.0728648291,0.8956117000016093,0.0,0.0621208999982627,6,optimal,2322.968560270351,-0.011045972958792182,-15.121007783286045,one_family,0.0
0.3576171398162842,0.03,4.480013175798376,family_sensitivity,32.985842038913304,2289.9827128244638,dwp_incremental,182144.0412759335,,,,cost,179821.0727210701,4.4246134757995605,,0.0553996999988157,6,optimal,2322.9685548633765,-0.011046052895547621,-15.121007980851594,one_family,0.0
0.2263917999989644,0.03,0.9537000999989688,family_sensitivity,88.2811721073977,2635.6459531836845,chp,184404.6264541925,64725.0,466042.0,19335.0,cost,181680.699387559,0.8853634999977658,0.0,0.0683366000012029,7,optimal,2723.927125291082,1.022993630555745,-0.47037518253375615,one_family,0.0
0.4281797409057617,0.03,4.24982444717898,family_sensitivity,88.28116633407795,2635.645951242997,dwp_incremental,184404.6264541925,,,,cost,181680.69933661568,4.195178747177124,,0.0546457000018563,7,optimal,2723.927117577075,1.022993602228871,-0.4703754643960076,one_family,0.0
0.2253808999994362,0.03,1.0089597000005597,family_sensitivity,32.79607317731285,2834.1806577180346,chp,182963.34656840708,64725.0,466042.0,19335.0,cost,180096.36986463348,0.9442705000001296,0.0,0.0646892000004299,8,optimal,2866.9767308953474,0.14203207634144013,4.756517065751918,one_family,0.0
0.3241398334503174,0.03,4.612231060989871,family_sensitivity,32.79607333571892,2834.1806562788693,dwp_incremental,182963.34656840708,,,,cost,180096.36983879234,4.55413556098938,,0.0580955000004905,8,optimal,2866.9767296145883,0.14203206197255072,4.756517018954238,one_family,0.0
0.2448284999991301,0.03,1.0272734999998647,family_sensitivity,30.61032154889756,2776.2891302419043,chp,184001.00123409156,66338.0,480041.0,19823.0,cost,181194.1019809204,0.9532897999997658,0.0,0.0739837000000989,9,optimal,2806.899451790802,0.752422640476963,2.5613522267914575,one_family,0.0
0.3046422004699707,0.03,4.652050080567278,family_sensitivity,30.610293454894222,2776.2889801663696,dwp_incremental,184001.00123409156,,,,cost,181194.1019604706,4.593644380569458,,0.0584056999978201,9,optimal,2806.899273621264,0.7524226291059272,2.5613457166513425,one_family,0.0
0.2324197000016283,0.03,1.152179000000615,family_sensitivity,18.87572987755032,2630.674820743189,chp,183695.34829604372,64725.0,466042.0,19335.0,cost,181045.79774860185,1.0857734999990498,0.0,0.066405500001565,10,optimal,2649.550550620739,0.6699585286180568,-3.1880222529767437,one_family,0.1319444444444444
0.3297321796417236,0.03,4.425845334146288,family_sensitivity,18.87572987629087,2630.674817983816,dwp_incremental,183695.34829604372,,,,cost,181045.797748184,4.369730234146118,,0.05611510000017,10,optimal,2649.5505478601067,0.6699585283857161,-3.1880223538475456,one_family,0.1319444444444444
0.2287373999970441,0.05,0.9896880999986024,family_sensitivity,96.97008456421403,1964.165355869992,chp,183245.2276429926,64725.0,466042.0,19335.0,cost,181184.09220272757,0.929021099997044,0.0,0.0606670000015583,1,optimal,2061.135440434205,0.7468567341257363,-24.688133107644155,one_family,0.0
0.3426899909973144,0.05,4.582783134585043,family_sensitivity,96.97008446966542,1964.165355957438,dwp_incremental,183245.2276429926,,,,cost,181184.092202565,4.529691934585571,,0.0530911999994714,1,optimal,2061.135440427104,0.7468567340353375,-24.688133107903617,one_family,0.0
0.2276682000010623,0.05,1.0767927999986568,family_sensitivity,31.01441938982257,3414.528226487571,chp,180760.66491424345,64725.0,466042.0,19335.0,cost,177315.12229232345,1.0141599999988102,0.0,0.0626327999998466,2,optimal,3445.5426458773936,-1.4044720747853332,25.896747990315877,one_family,0.0
0.2728145122528076,0.05,4.532705509245716,family_sensitivity,31.014419369654696,3414.528226366846,dwp_incremental,180760.66491424345,,,,cost,177315.1222923155,4.478816509246826,,0.0538889999988896,2,optimal,3445.5426457365006,-1.404472074789751,25.896747985167785,one_family,0.0
0.241036499999609,0.05,0.969517100002122,family_sensitivity,72.80793038552228,2538.537135718112,chp,177562.46437701094,64725.0,466042.0,19335.0,cost,174951.11931609886,0.9038048000002163,0.0,0.0657123000019055,3,optimal,2611.3450661036345,-2.718968652654102,-4.584013175292844,one_family,0.0
0.375737190246582,0.05,3.817851609041099,family_sensitivity,72.80793035256542,2538.537134722757,dwp_incremental,177562.46437701094,,,,cost,174951.11931193533,3.763739109039306,,0.0541125000017927,3,optimal,2611.3450650753225,-2.7189686549692236,-4.584013212866355,one_family,0.0
0.2299884000021848,0.05,1.048872900002607,family_sensitivity,46.27916481108184,2077.1143101980624,chp,185575.17639559557,64725.0,466042.0,19335.0,cost,183451.78293405,0.9842664000025252,0.0,0.0646065000000817,4,optimal,2123.3934750091444,2.0077991846926273,-22.413285603251254,one_family,0.0069444444444444
0.4333672523498535,0.05,4.291812467054115,family_sensitivity,46.27916209663734,2077.114300703748,dwp_incremental,185575.17639559557,,,,cost,183451.78293279544,4.235368967056274,,0.0564434999978402,4,optimal,2123.3934628003854,2.007799183995039,-22.41328604934733,one_family,0.0069444444444444
0.2330226999984006,0.05,1.001784799998859,family_sensitivity,8.604226745570017e-07,3506.264604429401,chp,186072.6489143033,64725.0,466042.0,19335.0,cost,182566.38470021493,0.929399900000135,0.0,0.072384899998724,5,optimal,3506.2646052898235,1.5154762222715035,28.115468815255245,one_family,0.1388888888888889
0.2124378681182861,0.05,3.647069288290368,family_sensitivity,-1.2979949854574633e-12,3506.264602318848,dwp_incremental,186072.6489143033,,,,cost,182566.38431198488,3.5884358882904053,,0.0586333999999624,5,optimal,3506.2646023188463,1.5154760063973785,28.115468706698653,one_family,0.1388888888888889
0.2292376000004878,0.05,1.0102979999974195,family_sensitivity,16.285493498332297,2109.9526176339305,chp,181854.90985912047,64725.0,466042.0,19335.0,cost,179728.67179052642,0.9414313999986916,0.0,0.0688665999987279,6,optimal,2126.238111132263,-0.062425305888499816,-22.309345390076153,one_family,0.0
0.5476903915405273,0.05,5.393747841935692,family_sensitivity,16.28549243147952,2109.952618545489,dwp_incremental,181854.90985912047,,,,cost,179728.6717481438,5.338693141937256,,0.0550546999984362,6,optimal,2126.2381109769685,-0.0624253294552295,-22.30934539575046,one_family,0.0
0.2225704000011319,0.05,0.9620257999995374,family_sensitivity,84.60222060421047,2683.078437281417,chp,185619.07854558795,64725.0,466042.0,19335.0,cost,182851.397913317,0.9024100999995426,0.0,0.0596156999999948,7,optimal,2767.680657885627,1.673956942066695,1.128335973554347,one_family,0.0
0.2951734066009521,0.05,4.203235340377432,family_sensitivity,84.6022326471769,2683.078423154997,dwp_incremental,185619.07854558795,,,,cost,182851.39788978695,4.143175840377808,,0.0600594999996246,7,optimal,2767.680655802174,1.673956928982889,1.1283358974270117,one_family,0.0
0.2632517000020016,0.05,1.1048909000019194,family_sensitivity,35.78690943392428,2947.2199719411165,chp,183220.4186799098,64725.0,466042.0,19335.0,cost,180237.4117985369,1.034391000001051,0.0,0.0704999000008683,8,optimal,2983.006881375041,0.22045800952199787,8.996144931539247,one_family,0.0
0.2907979488372803,0.05,5.078485929494491,family_sensitivity,35.786909433868736,2947.2199719416185,dwp_incremental,183220.4186799098,,,,cost,180237.4117985353,5.020797729492188,,0.0576882000023033,8,optimal,2983.0068813754874,0.2204580095211078,8.996144931555563,one_family,0.0
0.219978600001923,0.05,1.12610979999954,family_sensitivity,43.752890485302736,2842.268415211309,chp,184949.8431227172,66338.0,480041.0,19823.0,cost,182063.8218170214,1.0585377999996126,0.0,0.0675719999999273,9,optimal,2886.021305696612,1.2360276781005586,5.45238714508655,one_family,0.0
0.3406727313995361,0.05,4.986672247498063,family_sensitivity,43.752890485396215,2842.2684152131983,dwp_incremental,184949.8431227172,,,,cost,182063.8218170217,4.932668447494507,,0.0540038000035565,9,optimal,2886.0213056985945,1.2360276781007205,5.452387145158979,one_family,0.0
0.2416268999986641,0.05,1.1784149999984947,family_sensitivity,15.040486396124768,2490.081671843888,chp,184221.5353024841,64725.0,466042.0,19335.0,cost,181716.41314725083,1.0992225999980292,0.0,0.0791924000004655,10,optimal,2505.122158240013,1.0428521566954692,-8.465294017399351,one_family,0.1319444444444444
0.4198029041290283,0.05,4.325435093760461,family_sensitivity,15.040486363714352,2490.0816712443866,dwp_incremental,184221.5353024841,,,,cost,181716.41314487765,4.264805793762207,,0.0606292999982542,10,optimal,2505.122157608101,1.0428521553758672,-8.465294040488793,one_family,0.1319444444444444
0.2464904000007663,0.001,1.1064783000038003,family_sensitivity,17.20226757574011,2721.417502677545,chp,182554.19433655695,64725.0,466042.0,19335.0,demand,179815.57457094482,1.0370233000030566,0.0,0.0694550000007439,1,optimal,2738.6197702532854,-0.01410328234785922,0.0664796499934031,one_family,0.0
0.3847279548645019,0.001,4.301026812358032,family_sensitivity,17.20226757788753,2721.4175026252547,dwp_incremental,182554.19433655695,,,,demand,179815.57456635372,4.239728212356567,,0.0612986000014643,1,optimal,2738.6197702031423,-0.014103284900726328,0.0664796481612208,one_family,0.0
0.2270709000003989,0.001,0.9539057000001776,family_sensitivity,17.398755700578405,2725.820808921369,chp,182565.4462577626,64725.0,466042.0,19335.0,demand,179822.2267050846,0.8913931999995839,0.0,0.0625125000005937,2,optimal,2743.219564621948,-0.010404383636554767,0.23455162354209022,one_family,0.0
0.3203914165496826,0.001,4.581633581416099,family_sensitivity,17.39875558866619,2725.820808757556,dwp_incremental,182565.4462577626,,,,demand,179822.2266934158,4.522387981414795,,0.0592456000013044,2,optimal,2743.219564346222,-0.010404390124956463,0.23455161346733078,one_family,0.0
0.2247086000024865,0.001,0.9852852000003622,family_sensitivity,17.340740262938578,2716.7432592432124,chp,182562.22830538495,64725.0,466042.0,19335.0,demand,179828.14439082998,0.9219811000002665,0.0,0.0633041000000957,3,optimal,2734.083999506151,-0.0071138726941293124,-0.09925296323577164,one_family,0.0
0.2939445972442627,0.001,4.065199438933632,family_sensitivity,17.340740099289622,2716.743258907421,dwp_incremental,182562.22830538495,,,,demand,179828.14430637806,4.009944438934326,,0.0552549999993061,3,optimal,2734.08399900671,-0.007113919653361471,-0.09925298148484958,one_family,0.0
0.2307705999992322,0.001,1.023901399999886,family_sensitivity,17.332683848102615,2722.9688674287145,chp,182623.6563888609,64725.0,466042.0,19335.0,demand,179883.35484247538,0.9533924999996088,0.0,0.0705089000002772,4,optimal,2740.301551276817,0.02358572899011602,0.12793027866223938,one_family,0.0
0.3853404521942138,0.001,4.670167085158028,family_sensitivity,17.332714276949762,2722.968832866565,dwp_incremental,182623.6563888609,,,,demand,179883.35484171737,4.61334228515625,,0.0568248000017774,4,optimal,2740.301547143515,0.023585728568627302,0.12793012763544298,one_family,0.0
0.2264508999978716,0.001,0.9818886999964888,family_sensitivity,17.404111023634393,2718.583201435667,chp,182562.69154908217,64725.0,466042.0,19335.0,demand,179826.70423701074,0.9063357999984872,0.0,0.0755528999980015,5,optimal,2735.9873124593014,-0.007914665792126184,-0.02970777519516432,one_family,0.0
0.3158416748046875,0.001,4.420942698234285,family_sensitivity,17.40411098429953,2718.5832013357413,dwp_incremental,182562.69154908217,,,,demand,179826.7042367632,4.362842798233032,,0.0580999000012525,5,optimal,2735.987312320041,-0.00791466592976341,-0.02970778028360507,one_family,0.0
0.236941499999375,0.001,1.017470000002504,family_sensitivity,17.246080383268126,2711.072438002016,chp,182574.133016366,64725.0,466042.0,19335.0,demand,179845.81449990557,0.9500914000018384,0.0,0.0673786000006657,6,optimal,2728.3185183852843,0.0027115370638206024,-0.3099179870993347,one_family,0.0
0.3934347629547119,0.001,4.678458981470612,family_sensitivity,17.24608036852745,2711.0724379499325,dwp_incremental,182574.133016366,,,,demand,179845.8144980475,4.623437881469727,,0.0550211000008857,6,optimal,2728.31851831846,0.0027115360306432467,-0.30991798954102595,one_family,0.0
0.2290523999981815,0.001,0.9379569000011544,family_sensitivity,16.97404903166545,2721.1523658786864,chp,182613.0031781025,64725.0,466042.0,19335.0,demand,179874.87676471475,0.8686745000013616,0.0,0.0692823999997926,7,optimal,2738.126414910352,0.018871519949203993,0.048452929774671354,one_family,0.0
0.3419764041900635,0.001,4.467507612902409,family_sensitivity,16.974048787289068,2721.152365413316,dwp_incremental,182613.0031781025,,,,demand,179874.87676390228,4.409977912902832,,0.0575296999995771,7,optimal,2738.1264142006053,0.018871519497436706,0.048452903841214916,one_family,0.0
0.2280003000014403,0.001,0.9794311000005108,family_sensitivity,17.22259509291598,2716.794909912661,chp,182574.8036511581,64725.0,466042.0,19335.0,demand,179840.7861461583,0.9046156000003976,0.0,0.0748155000001133,8,optimal,2734.017505005577,-8.446355867354235e-05,-0.10168260705154315,one_family,0.0
0.4308998584747314,0.001,4.933602669112588,family_sensitivity,17.22259509296314,2716.7949099116904,dwp_incremental,182574.8036511581,,,,demand,179840.7861461533,4.875897169113159,,0.0577054999994288,8,optimal,2734.0175050046537,-8.446356145703475e-05,-0.10168260708527367,one_family,0.0
0.23305210000035,0.001,1.1445081000019854,family_sensitivity,16.920205169560663,2712.825247395491,chp,182615.1637291189,64725.0,466042.0,19335.0,demand,179885.4182842992,1.0366954999990412,0.0,0.1078126000029442,9,optimal,2729.7454525650514,0.02473309946440062,-0.257779212081164,one_family,0.0
0.3693511486053467,0.001,4.33644812653074,family_sensitivity,16.92020512341997,2712.825247309512,dwp_incremental,182615.1637291189,,,,demand,179885.41827668808,4.279352426528931,,0.0570957000018097,9,optimal,2729.745452432932,0.024733095232262258,-0.2577792169086834,one_family,0.0
0.2377071999981126,0.001,1.0847860999965633,family_sensitivity,16.962642046728348,2721.578388011927,chp,182601.07767288684,64725.0,466042.0,19335.0,demand,179862.53664289028,0.9898121999976864,0.0,0.0949738999988767,10,optimal,2738.5410300586555,0.012009833195046908,0.0636025605306158,one_family,0.0
0.3514711856842041,0.001,4.6427283581761,family_sensitivity,16.962642043154403,2721.5783879980763,dwp_incremental,182601.07767288684,,,,demand,179862.53664284624,4.586468458175659,,0.0562599000004411,10,optimal,2738.541030041231,0.012009833170561885,0.06360255989393969,one_family,0.0
0.2368955999991158,0.005,1.0348630000044068,family_sensitivity,17.4034147133607,2728.3920260530517,chp,182460.4106780805,64725.0,466042.0,19335.0,demand,179714.61537406908,0.9623237000014342,0.0,0.0725393000029726,1,optimal,2745.795440766412,-0.07024133299003338,0.32867161076728757,one_family,0.0
0.3675374984741211,0.005,4.645490693281317,family_sensitivity,17.403414802740897,2728.392024974355,dwp_incremental,182460.4106780805,,,,demand,179714.61523830317,4.583541393280029,,0.061949300001288,1,optimal,2745.795439777096,-0.07024140848224733,0.3286715746186497,one_family,0.0
0.2358626000022923,0.005,1.0717897000031371,family_sensitivity,18.385855075583294,2749.9772102917245,chp,182516.2776842012,64725.0,466042.0,19335.0,demand,179747.91462497172,0.9994626000006974,0.0,0.0723271000024396,2,optimal,2768.363065367308,-0.051725387030009486,1.1532704734511,one_family,0.0
0.3498923778533935,0.005,4.387137254958361,family_sensitivity,18.385854859849253,2749.977208994293,dwp_incremental,182516.2776842012,,,,demand,179747.91462034703,4.330893754959106,,0.0562434999992547,2,optimal,2768.363063854142,-0.05172538960155188,1.1532704181615026,one_family,0.0
0.2342695000006642,0.005,1.07613830000264,family_sensitivity,18.09577751415981,2705.1227980874914,chp,182500.187922313,64725.0,466042.0,19335.0,demand,179776.96938933805,1.0005329000014171,0.0,0.0756054000012227,3,optimal,2723.218575601651,-0.03556957474278486,-0.4962648930545791,one_family,0.0
0.3068432807922363,0.005,4.154916342646175,family_sensitivity,18.09577740963788,2705.122797866089,dwp_incremental,182500.187922313,,,,demand,179776.9693470386,4.096843242645264,,0.0580731000009109,3,optimal,2723.218575275727,-0.03556959826326325,-0.4962649049635314,one_family,0.0
0.2274020999975619,0.005,1.025109499998507,family_sensitivity,6.2569158341815285,2746.9582871431685,chp,182807.90024310947,64725.0,466042.0,19335.0,demand,180054.6850403058,0.9608612999982142,0.0,0.0642482000002928,4,optimal,2753.21520297735,0.11885335809155848,0.5997824427101855,one_family,0.0
0.3545057773590088,0.005,4.390001771655079,family_sensitivity,6.256915825304176,2746.95828708338,dwp_incremental,182807.90024310947,,,,demand,180054.6850402008,4.330502271652222,,0.0594995000028575,4,optimal,2753.215202908684,0.11885335803316986,0.5997824402011994,one_family,0.0
0.228338500000973,0.005,1.0548579000023892,family_sensitivity,18.41262575279559,2713.788296316227,chp,182502.504140799,64725.0,466042.0,19335.0,demand,179770.30472268426,0.9912565000013274,0.0,0.0636014000010618,5,optimal,2732.2009220690225,-0.03927544211991828,-0.16805876537323336,one_family,0.0
0.3575246334075928,0.005,4.572893132568424,family_sensitivity,18.41263183418604,2713.7876262895134,dwp_incremental,182502.504140799,,,,demand,179770.30388267583,4.515529632568359,,0.0573635000000649,5,optimal,2732.2002581236998,-0.039275909204021915,-0.16808302528395294,one_family,0.0
0.2275343000001157,0.005,1.1093003999994837,family_sensitivity,17.622479371620578,2676.3014249335924,chp,182559.7114772177,64725.0,466042.0,19335.0,demand,179865.78793813707,1.038159600000654,0.0,0.0711407999988296,6,optimal,2693.923904305213,0.013817705908633153,-1.566663442345396,one_family,0.0
0.3842110633850097,0.005,4.853305095541145,family_sensitivity,17.622478756492512,2676.3014232727714,dwp_incremental,182559.7114772177,,,,demand,179865.78757518905,4.794210195541382,,0.0590948999997635,6,optimal,2693.923902029264,0.013817504092504021,-1.5666635255063432,one_family,0.0
0.2264056999993045,0.005,1.0431490000009944,family_sensitivity,16.2623210289141,2727.0063941907542,chp,182754.0622859005,64725.0,466042.0,19335.0,demand,180010.79357423968,0.959532400000171,0.0,0.0836166000008233,7,optimal,2743.268715219668,0.0944476434956716,0.23634753816301565,one_family,0.0
0.3234713077545166,0.005,4.303443842334673,family_sensitivity,16.262320849188004,2727.006393599416,dwp_incremental,182754.0622859005,,,,demand,180010.79357145168,4.239476442337036,,0.0639673999976366,7,optimal,2743.2687144486035,0.09444764194541198,0.23634750998907142,one_family,0.0
0.22335319999911,0.005,1.0650076999954765,family_sensitivity,17.5050530384402,2703.5448796941555,chp,182563.06465117825,64725.0,466042.0,19335.0,demand,179842.01498608032,0.991638299998158,0.0,0.0733693999973184,8,optimal,2721.049932732596,0.0005988290972573244,-0.5755049759173151,one_family,0.0
0.3748378753662109,0.005,4.656597562010575,family_sensitivity,17.505052376868413,2703.544863827842,dwp_incremental,182563.06465117825,,,,demand,179842.0147349736,4.595839262008667,,0.0607583000019076,8,optimal,2721.0499162047104,0.0005986894701419083,-0.5755055798300435,one_family,0.0
0.2228513000009115,0.005,1.0524055999958364,family_sensitivity,15.993102652389476,2684.35341542284,chp,182764.8650409825,64725.0,466042.0,19335.0,demand,180064.51883642306,0.9878814999974566,0.0,0.0645240999983798,9,optimal,2700.3465180752296,0.12432141015138704,-1.3319874361695943,one_family,0.0
0.3472673892974853,0.005,4.485515344073065,family_sensitivity,15.993102535441896,2684.3534140398265,dwp_incremental,182764.8650409825,,,,demand,180064.51852440913,4.427265644073486,,0.0582496999995783,9,optimal,2700.346516575268,0.12432123665700175,-1.3319874909767122,one_family,0.0
0.2221710000012535,0.005,1.073273199999676,family_sensitivity,16.20528737619064,2729.2662240274285,chp,182695.2735111348,64725.0,466042.0,19335.0,demand,179949.80208665042,1.010159900000872,0.0,0.063113299998804,10,optimal,2745.471511403619,0.06053351457048547,0.31683554964553295,one_family,0.0
0.4016609191894531,0.005,4.459375464706682,family_sensitivity,16.205287129560283,2729.2661970230306,dwp_incremental,182695.2735111348,,,,demand,179949.80202698288,4.399657964706421,,0.0597175000002607,10,optimal,2745.471484152591,0.06053348139253455,0.31683455391970994,one_family,0.0
0.2444074000013643,0.01,0.9949444999983824,family_sensitivity,6.254980831948536,2739.0995340025947,chp,182344.75425403277,64725.0,466042.0,19335.0,demand,179599.399740975,0.9235668000001168,0.0,0.0713776999982656,1,optimal,2745.354514834544,-0.1343066311061222,0.3125606097923848,one_family,0.0
0.3738865852355957,0.01,4.603287604310026,family_sensitivity,6.254980816368144,2739.0995339773062,dwp_incremental,182344.75425403277,,,,demand,179599.39973924265,4.537885904312134,,0.0654016999978921,1,optimal,2745.3545147936743,-0.1343066320693886,0.3125606082990531,one_family,0.0
0.2319027000012283,0.01,0.9977259000006596,family_sensitivity,6.256721377310651,2800.4320370557307,chp,182462.0728493064,64725.0,466042.0,19335.0,demand,179655.38410987175,0.9308617999995475,0.0,0.066864100001112,2,optimal,2806.688758433041,-0.10317669511659484,2.5536536982020746,one_family,0.0
0.3509492874145508,0.01,4.334915239727707,family_sensitivity,6.256720408403773,2800.432036710806,dwp_incremental,182462.0728493064,,,,demand,179655.3840921866,4.275949239730835,,0.0589659999968716,2,optimal,2806.68875711921,-0.103176704950366,2.5536536501959777,one_family,0.0
0.2315305000010994,0.01,1.0988137999993342,family_sensitivity,6.2565060870026485,2704.210020221636,chp,182424.8654091872,64725.0,466042.0,19335.0,demand,179714.39889682137,1.0287513000002946,0.0,0.0700624999990395,3,optimal,2710.4665263086385,-0.0703617044972461,-0.9622122636736606,one_family,0.0
0.3457515239715576,0.01,4.6122024539618,family_sensitivity,6.256505919485118,2704.2100197992204,dwp_incremental,182424.8654091872,,,,demand,179714.3988834682,4.553747653961182,,0.0584548000006179,3,optimal,2710.4665257187057,-0.07036171192222826,-0.9622122852292272,one_family,0.0
0.2213778000004822,0.01,1.054557899999054,family_sensitivity,7.691314079978449,2761.779610797405,chp,183041.3496840956,64725.0,466042.0,19335.0,demand,180271.87875922245,0.9814057000003232,0.0,0.0731521999987308,4,optimal,2769.470924877384,0.2396232569122797,1.193750573070695,one_family,0.0
0.3114805221557617,0.01,4.014694403329486,family_sensitivity,7.691314079856539,2761.7796107958025,dwp_incremental,183041.3496840956,,,,demand,180271.8787592196,3.95848560333252,,0.0562087999969662,4,optimal,2769.470924875659,0.23962325691069375,1.1937505730076705,one_family,0.0
0.2369747000011557,0.01,0.9967268999971566,family_sensitivity,6.255539703834337,2733.358801182852,chp,182441.7838829728,64725.0,466042.0,19335.0,demand,179702.16961099402,0.9318339999990712,0.0,0.0648928999980853,5,optimal,2739.6143408866865,-0.0771617612363855,0.10282028520268702,one_family,0.0
0.3398747444152832,0.01,4.426492290465831,family_sensitivity,6.255539508190566,2733.358799851392,dwp_incremental,182441.7838829728,,,,demand,179702.1695436138,4.365874290466309,,0.060617999999522,5,optimal,2739.6143393595826,-0.07716179870295378,0.10282022940380853,one_family,0.0
0.2383344000008946,0.01,1.1131571000005351,family_sensitivity,6.059536339398679,2657.6260256795345,chp,182556.60795222703,64725.0,466042.0,19335.0,demand,179892.92267530272,1.0233927000008407,0.0,0.0897643999996944,6,optimal,2663.685562018933,0.028905892981296123,-2.671542803805536,one_family,0.0
0.4516215324401855,0.01,4.74975142428957,family_sensitivity,6.059536289903164,2657.626025256921,dwp_incremental,182556.60795222703,,,,demand,179892.9223906811,4.69261622428894,,0.0571352000006299,6,optimal,2663.685561546824,0.028905734718326893,-2.6715428210559415,one_family,0.0
0.232495000000199,0.01,1.030825099998765,family_sensitivity,9.115269100800464,2748.3226292789686,chp,182938.4279598657,64725.0,466042.0,19335.0,demand,180180.9901921556,0.9519024999972316,0.0,0.0789226000015332,7,optimal,2757.437898379769,0.1890849489751226,0.7540755899897023,one_family,0.0069444444444444
0.3139779567718506,0.01,4.217037678034103,family_sensitivity,9.115259493517714,2748.3225178140274,dwp_incremental,182938.4279598657,,,,demand,180180.99018256064,4.158976078033447,,0.0580616000006557,7,optimal,2757.4377773075453,0.1890849436398797,0.7540711661294196,one_family,0.0069444444444444
0.2307113999995635,0.01,1.062810499999614,family_sensitivity,17.85812398547714,2688.5214570598723,chp,182552.6652277044,64725.0,466042.0,19335.0,demand,179846.285652237,0.983411299999716,0.0,0.0793991999998979,8,optimal,2706.3795810453494,0.002973519867383468,-1.111545234048639,one_family,0.0
0.4109611511230469,0.01,4.555953632854653,family_sensitivity,17.858123981472602,2688.521457046448,dwp_incremental,182552.6652277044,,,,demand,179846.2856466768,4.498963832855225,,0.0569897999994282,8,optimal,2706.3795810279203,0.002973516775651653,-1.111545234685481,one_family,0.0
0.2342656000000715,0.01,1.0797551999967254,family_sensitivity,14.834224312351813,2656.4220266449006,chp,182960.8552080932,64725.0,466042.0,19335.0,demand,180289.5989597373,1.014771999998629,0.0,0.0649831999980961,9,optimal,2671.2562509572526,0.2494765198608436,-2.3949172573125597,one_family,0.0
0.444293737411499,0.01,4.482521449946944,family_sensitivity,14.834224300110993,2656.42202493896,dwp_incremental,182960.8552080932,,,,demand,180289.59895885625,4.426293849945068,,0.0562276000018755,9,optimal,2671.2562492390707,0.24947651937093276,-2.3949173200932417,one_family,0.0
0.2384846999993897,0.01,1.158486799999082,family_sensitivity,15.25859348806797,2743.390934659149,chp,182819.5746962761,64725.0,466042.0,19335.0,demand,180060.92516809402,1.088316000001214,0.0,0.070170799997868,10,optimal,2758.6495281472166,0.12232316193934133,0.7983473530086309,one_family,0.0
0.4163510799407959,0.01,4.7646345368775656,family_sensitivity,15.258593488009977,2743.390934699673,dwp_incremental,182819.5746962761,,,,demand,180060.92516808797,4.705353736877441,,0.0592808000001241,10,optimal,2758.649528187683,0.12232316193597524,0.7983473544872243,one_family,0.0
0.2232980000007955,0.03,0.966267700005119,family_sensitivity,6.253776811227274,2728.0076028551384,chp,181882.94411458043,62815.0,449117.0,18756.0,demand,179148.6827597874,0.8998420000025362,0.0,0.0664257000025827,1,optimal,2734.261379666366,-0.3849264210628369,-0.09277166620240855,one_family,0.0
0.3294222354888916,0.03,4.062933750752563,family_sensitivity,6.253776724927418,2728.007600950597,dwp_incremental,181882.94411458043,,,,demand,179148.6827369054,4.006420850753784,,0.0565128999987791,1,optimal,2734.2613776755243,-0.384926433786294,-0.09277173894580787,one_family,0.0
0.2418870000001334,0.03,1.0120830000014394,family_sensitivity,9.952990074506294e-09,2887.786247466849,chp,182183.83828765157,64725.0,466042.0,19335.0,demand,179296.05204479746,0.9281004000004032,0.0,0.0839826000010361,2,optimal,2887.786247476802,-0.30298218377677855,5.516876386217846,one_family,0.0069444444444444
0.3224434852600097,0.03,4.464297082002304,family_sensitivity,2.213097401184301e-13,2887.7862471652,dwp_incremental,182183.83828765157,,,,demand,179296.05204048695,4.401440382003784,,0.0628566999985196,2,optimal,2887.7862471652,-0.30298218617362443,5.516876374832215,one_family,0.0069444444444444
0.2363239000005705,0.03,1.1366325999988476,family_sensitivity,4.268506778761618,3069.927084753213,chp,182553.5380094669,64725.0,466042.0,19335.0,demand,179479.34241818188,1.0581282999992254,0.0,0.0785042999996221,3,optimal,3074.1955915319745,-0.2010641358752892,12.328090938919457,one_family,0.0069444444444444
0.31508469581604,0.03,3.914530368310807,family_sensitivity,4.268506732215268,3069.927090139088,dwp_incremental,182553.5380094669,,,,demand,179479.3424125952,3.859081268310547,,0.0554491000002599,3,optimal,3074.195596871303,-0.20106413898174763,12.328091134013293,one_family,0.0069444444444444
0.2465252999973017,0.03,1.0137937999970743,family_sensitivity,2.359170721703181e-07,2756.254349544114,chp,183924.20246113167,64725.0,466042.0,19335.0,demand,181167.9481132032,0.9500334999975166,0.0,0.0637602999995579,4,optimal,2756.254349780031,0.7378798628417221,0.7108298852895155,one_family,0.0069444444444444
0.3324453830718994,0.03,4.432654341679154,family_sensitivity,-1.665194142038745e-13,2756.2543485084902,dwp_incremental,183924.20246113167,,,,demand,181167.9481126233,4.378440141677856,,0.0542142000012972,4,optimal,2756.2543485084902,0.737879862519274,0.7108298388286587,one_family,0.0069444444444444
0.2274544999963836,0.03,1.2062514999961422,family_sensitivity,4.328594929639283,3147.707839181216,chp,182601.5532561772,64725.0,466042.0,19335.0,demand,179449.51685464312,1.1384903999969538,0.0,0.0677610999991884,5,optimal,3152.036434110855,-0.21764854866960912,15.172318960079734,one_family,0.0069444444444444
0.2863657474517822,0.03,4.328190592674218,family_sensitivity,4.328594713705642,3147.707840289643,dwp_incremental,182601.5532561772,,,,demand,179449.5168211736,4.2723681926727295,,0.0558224000014888,5,optimal,3152.0364350033487,-0.2176485672802335,15.17231899269057,one_family,0.0069444444444444
0.2341144999991229,0.03,1.265286699999706,family_sensitivity,6.867422311008523e-07,2911.7567881227515,chp,182933.399763679,66338.0,480041.0,19823.0,demand,180021.64324687584,1.1856659000004584,0.0,0.0796207999992475,6,optimal,2911.7567888094936,0.10048057056668956,6.3927364499335395,one_family,0.0069444444444444
0.4305086135864258,0.03,4.291811371629592,family_sensitivity,-1.630802964693271e-12,2911.7567870657244,dwp_incremental,182933.399763679,,,,demand,180021.6429766134,4.233507871627808,,0.0583035000017844,6,optimal,2911.7567870657226,0.10048042028808736,6.392736386217857,one_family,0.0069444444444444
0.234452799999417,0.03,1.1297242999971786,family_sensitivity,11.370154986388531,2689.3959502747884,chp,183597.0379175218,64725.0,466042.0,19335.0,demand,180896.27182070067,1.057669799996802,0.0,0.0720545000003767,7,optimal,2700.766105261177,0.5868150966911413,-1.3166561320360077,one_family,0.0069444444444444
0.3732061386108398,0.03,4.141791131245554,family_sensitivity,11.370154588196929,2689.3959495851987,dwp_incremental,183597.0379175218,,,,demand,180896.2718133484,4.078207731246948,,0.0635833999986061,7,optimal,2700.7661041733954,0.5868150926029354,-1.3166561717824796,one_family,0.0069444444444444
0.2318153000014717,0.03,1.134583800001565,family_sensitivity,322.91470253891026,3629.8892367645367,chp,183876.63751806252,64725.0,466042.0,19335.0,demand,179923.83395458624,1.0525670999995782,0.0,0.0820167000019864,8,optimal,3952.803939303447,0.04609401467335422,44.43157799745954,one_family,0.0416666666666666
0.3950686454772949,0.03,4.625925136213482,family_sensitivity,322.91467319859424,3629.8892653160656,dwp_incremental,183876.63751806252,,,,demand,179923.8335795485,4.570068836212158,,0.0558563000013236,8,optimal,3952.80393851466,0.04609380613476729,44.431577968638045,one_family,0.0416666666666666
0.2306998999993084,0.03,1.1192779999983031,family_sensitivity,10.040514336019806,2896.7627096877677,chp,184118.3548137612,64725.0,466042.0,19335.0,demand,181211.5515920644,1.039512299998023,0.0,0.07976570000028,9,optimal,2906.803224023787,0.7621254430388245,6.211738052416685,one_family,0.0069444444444444
0.2688691616058349,0.03,3.875597822636337,family_sensitivity,10.040514381614418,2896.7627087352107,dwp_incremental,184118.3548137612,,,,demand,181211.5515906446,3.82086992263794,,0.0547278999983973,9,optimal,2906.803223116825,0.7621254422493483,6.211738019277175,one_family,0.0069444444444444
0.2460147999991022,0.03,1.197234900002513,family_sensitivity,5.211658727194653,2717.288267012271,chp,183339.691104515,64725.0,466042.0,19335.0,demand,180617.19124752184,1.111937300000136,0.0,0.0852976000023773,10,optimal,2722.4999257394657,0.43163320306294456,-0.5225236539789545,one_family,0.1111111111111111
0.3298065662384033,0.03,3.6723933956527617,family_sensitivity,5.211658028151876,2717.2882506650403,dwp_incremental,183339.691104515,,,,demand,180617.19119582316,3.617809295654297,,0.0545840999984648,10,optimal,2722.499908693192,0.4316331743160546,-0.5225242768330672,one_family,0.1111111111111111
0.2305725000005622,0.05,0.9091348000001744,family_sensitivity,320.84443799111784,3286.8685727044294,chp,182380.1000414992,62815.0,449117.0,18756.0,demand,178772.38703080665,0.8414857999996457,0.0,0.0676490000005287,1,optimal,3607.7130106955474,-0.5941645028193054,31.822294021631837,one_family,0.0555555555555555
0.2571959495544433,0.05,4.0222703024046496,family_sensitivity,320.8444379909729,3286.8685727052098,dwp_incremental,182380.1000414992,,,,demand,178772.38703080424,3.960198402404785,,0.0620718999998644,1,optimal,3607.713010696183,-0.5941645028206487,31.82229402165507,one_family,0.0555555555555555
0.2305930999973497,0.05,1.029769100001431,family_sensitivity,2.496495582088179,3240.889046068596,chp,182219.57536979628,64725.0,466042.0,19335.0,demand,178976.18983388387,0.945519400000194,0.0,0.0842497000012372,2,optimal,3243.3855416506844,-0.48084058153012765,18.510125730471213,one_family,0.0138888888888888
0.2957592010498047,0.05,4.52903693238477,family_sensitivity,2.4964945392290434,3240.889043788695,dwp_incremental,182219.57536979628,,,,demand,178976.18983146828,4.467759132385254,,0.0612777999995159,2,optimal,3243.385538327924,-0.4808405828733084,18.510125609060815,one_family,0.0138888888888888
0.2567550999992818,0.05,1.2295385000034005,family_sensitivity,3.49931780622742,3090.849734744052,chp,182386.21265588916,66338.0,480041.0,19823.0,demand,179291.86360347888,1.139816300001257,0.0,0.0897222000021429,3,optimal,3094.34905255028,-0.30531115367878153,13.064478632738913,one_family,0.0069444444444444
0.289400577545166,0.05,4.192618302608025,family_sensitivity,3.4993177853876274,3090.849734770777,dwp_incremental,182386.21265588916,,,,demand,179291.86360333263,4.135402202606201,,0.057216100001824,3,optimal,3094.3490525561647,-0.3053111537601016,13.06447863295394,one_family,0.0069444444444444
0.2842213000003539,0.05,1.1655674000030558,family_sensitivity,267.91525374894326,3721.873261739387,chp,186144.7354358651,64725.0,466042.0,19335.0,demand,182154.94694337525,1.091838900003495,0.0,0.0737284999995608,4,optimal,3989.78851548833,1.286697524101043,45.78295812710272,one_family,0.0416666666666666
0.4334814548492431,0.05,5.037123141228221,family_sensitivity,267.9152535584875,3721.873261420357,dwp_incremental,186144.7354358651,,,,demand,182154.94692088576,4.982481241226196,,0.054641900002025,4,optimal,3989.788514978844,1.2866975115958312,45.782958108486596,one_family,0.0416666666666666
0.2613593999994918,0.05,1.0951544999952605,family_sensitivity,4.4615936350778445e-06,3203.847861157923,chp,182472.4909170601,64725.0,466042.0,19335.0,demand,179268.64314583637,1.0164159999985714,0.0,0.0787384999966889,5,optimal,3203.8478656195166,-0.31822281767185234,17.06545783719336,one_family,0.0069444444444444
0.3015906810760498,0.05,3.9099463628372177,family_sensitivity,-5.08888054464014e-13,3203.847790376298,dwp_incremental,182472.4909170601,,,,demand,179268.6431266839,3.854586362838745,,0.0553599999984726,5,optimal,3203.8477903762973,-0.3182228283215266,17.065455087879947,one_family,0.0069444444444444
0.2269571000033465,0.05,1.0773399000026984,family_sensitivity,5.6392916880241704e-11,3513.043727423219,chp,184308.68550819287,66338.0,480041.0,19823.0,demand,180795.6417809745,1.0151732000012998,0.0,0.0621667000013985,6,optimal,3513.0437274232754,0.530860072868745,28.36317128727426,one_family,0.0277777777777777
0.3798339366912842,0.05,4.114619543233857,family_sensitivity,6.189928716086314e-14,3513.0437271978326,dwp_incremental,184308.68550819287,,,,demand,180795.64178099504,4.061833143234253,,0.0527863999996043,6,optimal,3513.0437271978326,0.5308600728801702,28.363171279036802,one_family,0.0277777777777777
0.2339305999994394,0.05,1.1137208999971335,family_sensitivity,25.152989804403397,2582.051814967947,chp,184295.4810579513,64725.0,466042.0,19335.0,demand,181688.2762532264,1.0355499999968742,0.0,0.0781709000002592,7,optimal,2607.20480477235,1.02720672338639,-4.735294262486012,one_family,0.0069444444444444
0.3411915302276611,0.05,4.199684935669211,family_sensitivity,25.15298980244013,2582.0518149618542,dwp_incremental,184295.4810579513,,,,demand,181688.27625318943,4.1341941356658936,,0.0654908000033174,7,optimal,2607.2048047642943,1.0272067233658375,-4.735294262780365,one_family,0.0069444444444444
0.2455238000002282,0.05,1.084051499998168,family_sensitivity,4.66713440663205,3857.101075320243,chp,183922.4823110861,63112.0,452043.0,18847.0,demand,180060.71410382155,1.0147137999992992,0.0,0.0693376999988686,8,optimal,3861.7682097268753,0.12220580030034753,41.10522175040237,one_family,0.0208333333333333
0.3489527702331543,0.05,4.323065211658104,family_sensitivity,4.667133992784369,3857.101075300088,dwp_incremental,183922.4823110861,,,,demand,180060.7141017955,4.267951011657715,,0.0551142000003892,8,optimal,3861.768209292872,0.12220579917376134,41.105221734544315,one_family,0.0208333333333333
0.2470089999987976,0.05,1.197251999998116,family_sensitivity,4.768911202136005,2764.0926881233463,chp,184963.85814015585,64725.0,466042.0,19335.0,demand,182194.99655226152,1.1129061999999976,0.0,0.0843457999981183,9,optimal,2768.8615993254825,1.3089669858383808,1.1714864151902047,one_family,0.0069444444444444
0.3419196605682373,0.05,3.9222691916256736,family_sensitivity,4.768908978123035,2764.092686803282,dwp_incremental,184963.85814015585,,,,demand,182194.9965443745,3.855920791625977,,0.066348399999697,9,optimal,2768.861595781405,1.3089669814528266,1.171486285693087,one_family,0.0069444444444444
0.2367092999993474,0.05,1.0444511999994577,family_sensitivity,9.067792798374931,2840.571501016335,chp,184253.54552058145,64725.0,466042.0,19335.0,demand,181403.90622775463,0.9677101999986916,0.0,0.0767410000007657,10,optimal,2849.6392938147096,0.8690836460931214,4.123024123921507,one_family,0.0069444444444444
0.3162627220153808,0.05,4.298637483054336,family_sensitivity,9.067792718603538,2840.57150055782,dwp_incremental,184253.54552058145,,,,demand,181403.90622730507,4.236262083053589,,0.0623754000007465,10,optimal,2849.639293276424,0.8690836458431411,4.123024104253071,one_family,0.0069444444444444
0.2260071999990032,0.001,1.045582700000523,family_sensitivity,17.073410255476897,2719.0823366107365,chp,182577.1582062836,64725.0,466042.0,19335.0,line_limit,179841.0024632798,0.9723955999979808,0.0,0.0731871000025421,1,optimal,2736.1557468662136,3.581891084787329e-05,-0.023553347211144514,one_family,0.0
0.3837604522705078,0.001,4.84559536699453,family_sensitivity,17.073409939354526,2719.082335285861,dwp_incremental,182577.1582062836,,,,line_limit,179841.00246105806,4.789757966995239,,0.0558373999992909,1,optimal,2736.1557452252155,3.581767546274155e-05,-0.02355340717160543,one_family,0.0
0.2304338000030839,0.001,1.0067953000034322,family_sensitivity,17.01579964929174,2718.6348917159885,chp,182580.75184438116,64725.0,466042.0,19335.0,line_limit,179845.10116359976,0.9324657000033768,0.0,0.0743296000000555,2,optimal,2735.65069136528,0.002314888606823621,-0.04200757972462505,one_family,0.0
0.427933931350708,0.001,5.000361643604265,family_sensitivity,17.01579963493827,2718.634891685415,dwp_incremental,182580.75184438116,,,,line_limit,179845.10115306402,4.942935943603516,,0.0574257000007492,2,optimal,2735.650691320353,0.002314882748462194,-0.04200758136622156,one_family,0.0
0.2192039000001386,0.001,0.9832196000024852,family_sensitivity,17.02188729474314,2718.6958621619265,chp,182578.6747988168,64725.0,466042.0,19335.0,line_limit,179842.9572544865,0.9118073000026924,0.0,0.0714122999997926,3,optimal,2735.717749456669,0.001122774543952196,-0.03955734285340412,one_family,0.0
0.4337625503540039,0.001,5.256024013291608,family_sensitivity,17.02188751912857,2718.695861013849,dwp_incremental,182578.6747988168,,,,line_limit,179842.95705028478,5.199764013290405,,0.0562600000012025,3,optimal,2735.717748532977,0.0011226609982090958,-0.03955737660420046,one_family,0.0
0.224309400000493,0.001,0.9554097000000183,family_sensitivity,17.093928007337784,2719.2134508426207,chp,182579.3805864419,64725.0,466042.0,19335.0,line_limit,179843.0732180918,0.8735427999999956,0.0,0.0818669000000227,4,optimal,2736.3073788499582,0.001187255749705774,-0.018012863285451437,one_family,0.0
0.342836856842041,0.001,4.436912462286273,family_sensitivity,17.09392762462101,2719.2134497187744,dwp_incremental,182579.3805864419,,,,line_limit,179843.07320909892,4.378838062286377,,0.0580743999998958,4,optimal,2736.3073773433957,0.001187250749242597,-0.018012918333767596,one_family,0.0
0.2279419000005873,0.001,1.0112709999993967,family_sensitivity,17.239792441437285,2720.2821453612187,chp,182578.24165909737,64725.0,466042.0,19335.0,line_limit,179840.7197332739,0.9389331999991556,0.0,0.0723378000002412,5,optimal,2737.521937802656,-0.00012139223860275244,0.026365929288807807,one_family,0.0
0.3379671573638916,0.001,4.39182410450303,family_sensitivity,17.239790793357628,2720.282144426115,dwp_incremental,182578.24165909737,,,,line_limit,179840.71972387715,4.3329668045043945,,0.0588572999986354,5,optimal,2737.5219352194727,-0.0001213974636387435,0.02636583490182678,one_family,0.0
0.2302568000013707,0.001,1.014387799998076,family_sensitivity,17.041614597564152,2718.833978948164,chp,182579.31646916748,64725.0,466042.0,19335.0,line_limit,179843.44087572477,0.9439210999989882,0.0,0.0704666999990877,6,optimal,2735.875593545728,0.0013916906447684117,-0.03378987469398673,one_family,0.0
0.3234989643096924,0.001,4.709574305452406,family_sensitivity,17.041614590522443,2718.833978939361,dwp_incremental,182579.31646916748,,,,line_limit,179843.44087563714,4.650499105453491,,0.0590751999989151,6,optimal,2735.875593529883,0.0013916905960411118,-0.03378987527293879,one_family,0.0
0.2357869000006758,0.001,0.9920448000011676,family_sensitivity,17.191198592963516,2719.937566170685,chp,182577.2019798621,64725.0,466042.0,19335.0,line_limit,179840.07332310342,0.9247104999994916,0.0,0.0673343000016757,7,optimal,2737.1287647636486,-0.00048082662406551775,0.011999772170506398,one_family,0.0
0.3241653442382812,0.001,4.101150558402878,family_sensitivity,17.191198277550285,2719.937565090778,dwp_incremental,182577.2019798621,,,,line_limit,179840.07321649493,4.046166658401489,,0.0549839000013889,7,optimal,2737.1287633683287,-0.0004808859033910564,0.011999721186884636,one_family,0.0
0.2264393999976164,0.001,1.020859099997324,family_sensitivity,17.184492864304854,2719.886528145627,chp,182577.4911320131,64725.0,466042.0,19335.0,line_limit,179840.4201912289,0.9456214999991062,0.0,0.0752375999982177,8,optimal,2737.071021009932,-0.0002879516706442643,0.009889872059883533,one_family,0.0
0.4044277667999267,0.001,4.668892219953705,family_sensitivity,17.184492634553454,2719.886525479345,dwp_incremental,182577.4911320131,,,,line_limit,179840.4201139021,4.612423419952393,,0.056468800001312,8,optimal,2737.071018113899,-0.0002879946679795716,0.009889766241677502,one_family,0.0
0.2360918000013043,0.001,1.0014514999966195,family_sensitivity,17.258441865827674,2720.421410945063,chp,182577.7722997133,64725.0,466042.0,19335.0,line_limit,179840.09245292467,0.9296682999993208,0.0,0.0717831999972986,9,optimal,2737.6798528108907,-0.00047018954584924187,0.032135988765335355,one_family,0.0
0.3243634700775146,0.001,4.546935685044446,family_sensitivity,17.258441948287963,2720.4214061490634,dwp_incremental,182577.7722997133,,,,line_limit,179840.09245161567,4.489367485046387,,0.0575681999980588,9,optimal,2737.679848097351,-0.0004701902737163208,0.03213581653722591,one_family,0.0
0.2386952000015298,0.001,0.9974205000035,family_sensitivity,17.111009202225983,2719.351427882615,chp,182577.65641063824,64725.0,466042.0,19335.0,line_limit,179841.19403552543,0.9236661000031744,0.0,0.0737544000003254,10,optimal,2736.462437084841,0.0001423420683270327,-0.01234718750453679,one_family,0.0
0.3454258441925049,0.001,4.488715260544268,family_sensitivity,17.11100899193876,2719.351427336268,dwp_incremental,182577.65641063824,,,,line_limit,179841.19397430896,4.432425260543823,,0.0562900000004447,10,optimal,2736.462436328207,0.0001423080290955992,-0.0123472151512048,one_family,0.0
0.235269500000868,0.005,0.9963878000016848,family_sensitivity,16.759126610502786,2716.8181797584325,chp,182574.83742680625,64725.0,466042.0,19335.0,line_limit,179841.26012044048,0.9282973000008496,0.0,0.0680905000008351,1,optimal,2733.5773063689358,0.0001790883819097068,-0.11776703337236995,one_family,0.0
0.341332197189331,0.005,4.758025453866139,family_sensitivity,16.759126610324856,2716.8181797589937,dwp_incremental,182574.83742680625,,,,line_limit,179841.26012043786,4.701331853866577,,0.0566935999995621,1,optimal,2733.577306369318,0.00017908838045322824,-0.11776703335839588,one_family,0.0
0.2337281000000075,0.005,1.0637930000011693,family_sensitivity,16.47107512317272,2714.58096219598,chp,182592.80561729384,64725.0,466042.0,19335.0,line_limit,179861.75358175518,0.9772757999999158,0.0,0.0865172000012535,2,optimal,2731.052037319153,0.01157441446135826,-0.21003788700659837,one_family,0.0
0.3081214427947998,0.005,4.515531619359535,family_sensitivity,16.47107508690324,2714.5809617389727,dwp_incremental,182592.80561729384,,,,line_limit,179861.75358046728,4.4591224193573,,0.0564092000022355,2,optimal,2731.052036825876,0.011574413745223926,-0.21003790503046274,one_family,0.0
0.2276247999980114,0.005,1.0545609000000695,family_sensitivity,16.501510573031208,2714.8858161389685,chp,182582.4203894722,64725.0,466042.0,19335.0,line_limit,179851.03336470822,0.987543999999616,0.0,0.0670169000004534,3,optimal,2731.387326712,0.005613470772211493,-0.19778674153156994,one_family,0.0
0.3267338275909424,0.005,4.528051159199094,family_sensitivity,16.501514507298914,2714.885808393382,dwp_incremental,182582.4203894722,,,,line_limit,179851.03306657233,4.47273325920105,,0.0553178999980445,3,optimal,2731.387322900681,0.005613304994670493,-0.19778688079342516,one_family,0.0
0.2600013999981456,0.005,1.074692899997899,family_sensitivity,16.861715854742496,2717.4737550243854,chp,182585.94932759745,64725.0,466042.0,19335.0,line_limit,179851.6139749621,1.0064110999992408,0.0,0.0682817999986582,4,optimal,2734.335470879128,0.005936317316599533,-0.09006444597613361,one_family,0.0
0.3181090354919433,0.005,4.134341961391328,family_sensitivity,16.8617150352196,2717.4737519178493,dwp_incremental,182585.94932759745,,,,line_limit,179851.61386064423,4.07210636138916,,0.0622356000021682,4,optimal,2734.335466953069,0.0059362537505015045,-0.09006458943047703,one_family,0.0
0.2343485999990662,0.005,1.0328110999980709,family_sensitivity,17.591031152652807,2722.817225107393,chp,182580.25469087515,64725.0,466042.0,19335.0,line_limit,179839.84644522358,0.9610138999996708,0.0,0.0717971999984001,5,optimal,2740.4082562600456,-0.0006069813707605337,0.1318291740652369,one_family,0.0
0.3676638603210449,0.005,4.734888588405738,family_sensitivity,17.591030879235923,2722.8172254604688,dwp_incremental,182580.25469087515,,,,line_limit,179839.84643453517,4.67765998840332,,0.0572286000024178,5,optimal,2740.4082563397046,-0.0006069873140184789,0.1318291769758987,one_family,0.0
0.2463981000000785,0.005,1.0831419000023743,family_sensitivity,16.600149733987266,2715.5763982270983,chp,182585.6287412254,64725.0,466042.0,19335.0,line_limit,179853.4521998822,1.0130102000002807,0.0,0.0701317000020935,6,optimal,2732.1765479610854,0.0069584566248490085,-0.1689493713647501,one_family,0.0
0.4490494728088379,0.005,4.430795424315875,family_sensitivity,16.600149864519405,2715.576398026921,dwp_incremental,182585.6287412254,,,,line_limit,179853.4521933344,4.372047424316406,,0.0587479999994684,6,optimal,2732.176547891441,0.0069584529839762195,-0.16894937390949388,one_family,0.0
0.2455421000013302,0.005,1.031167799999821,family_sensitivity,17.348068314056093,2721.0943294215976,chp,182575.0562946984,64725.0,466042.0,19335.0,line_limit,179836.61395625144,0.9686448000029486,0.0,0.0625229999968723,7,optimal,2738.4423977356537,-0.002404396913212954,0.05999863221252915,one_family,0.0
0.3168368339538574,0.005,3.9755072914485936,family_sensitivity,17.348068301532678,2721.0943287769246,dwp_incremental,182575.0562946984,,,,line_limit,179836.61389762087,3.921837091445923,,0.0536702000026707,7,optimal,2738.4423970784574,-0.002404429514560184,0.05999860819922022,one_family,0.0
0.2437019999997574,0.005,1.081173000002309,family_sensitivity,17.31454039783112,2720.8391311418,chp,182576.50205545363,64725.0,466042.0,19335.0,line_limit,179838.3483864715,1.0109248000007938,0.0,0.0702482000015152,8,optimal,2738.153671539631,-0.0014399723284058501,0.04944886026808204,one_family,0.0
0.6332616806030273,0.005,5.008568888762966,family_sensitivity,17.314540083873986,2720.839130713682,dwp_incremental,182576.50205545363,,,,line_limit,179838.34838465555,4.944264888763428,,0.064303999999538,8,optimal,2738.153670797556,-0.0014399733381662667,0.04944883315339259,one_family,0.0
0.2633188999971025,0.005,1.0801382999998168,family_sensitivity,17.68428691209191,2723.513534575515,chp,182577.9078939548,64725.0,466042.0,19335.0,line_limit,179836.7100742614,1.001883999997517,0.0,0.0782543000022997,9,optimal,2741.197821487607,-0.0023509507896475514,0.16067911286810344,one_family,0.0
0.4033091068267822,0.005,4.610580457800097,family_sensitivity,17.68428665532217,2723.513534070999,dwp_incremental,182577.9078939548,,,,line_limit,179836.71007322706,4.548304557800293,,0.062275899999804,9,optimal,2741.197820726321,-0.0023509513647947595,0.1606790850514535,one_family,0.0
0.2333374999980151,0.005,1.0754262000009476,family_sensitivity,16.94712188630742,2718.1636400969724,chp,182577.32844857927,64725.0,466042.0,19335.0,line_limit,179842.2176866978,1.0049198000015167,0.0,0.0705063999994308,10,optimal,2735.11076198328,0.0007115401516437554,-0.061736069638852094,one_family,0.0
0.4402942657470703,0.005,4.59820678071992,family_sensitivity,16.947121875191524,2718.1636400075736,dwp_incremental,182577.32844857927,,,,line_limit,179842.21768669557,4.539297580718994,,0.0589092000009259,10,optimal,2735.110761882765,0.000711540150397657,-0.06173607331157453,one_family,0.0
0.2255861999983608,0.01,1.015224599999783,family_sensitivity,16.36627242390212,2714.0143385818683,chp,182571.9628054976,64725.0,466042.0,19335.0,line_limit,179841.58219520035,0.9450093999985256,0.0,0.0702152000012574,1,optimal,2730.3806110057703,0.00035817706069829757,-0.234571145786937,one_family,0.0
0.568617582321167,0.01,5.381860229204904,family_sensitivity,16.36627244930214,2714.014338386835,dwp_incremental,182571.9628054976,,,,line_limit,179841.58219466193,5.318613529205322,,0.0632466999995813,1,optimal,2730.380610836137,0.0003581767613110339,-0.23457115198517847,one_family,0.0
0.2324136000024736,0.01,1.027185000002646,family_sensitivity,15.79017009834375,2708.7687874273565,chp,182607.87283343475,64725.0,466042.0,19335.0,line_limit,179883.31424527284,0.963987500002986,0.0,0.06319749999966,2,optimal,2724.5589575257004,0.02356315504060908,-0.44728865254723194,one_family,0.0
0.4865667819976806,0.01,5.174125292891404,family_sensitivity,15.790169402538153,2708.7687857846327,dwp_incremental,182607.87283343475,,,,line_limit,179883.31387825505,5.117568492889404,,0.0565568000019993,2,optimal,2724.558955187171,0.023562950961500632,-0.44728873799480967,one_family,0.0
0.2322587999988172,0.01,1.0497876000008546,family_sensitivity,15.851048317535431,2710.110327814107,chp,182587.10237779145,64725.0,466042.0,19335.0,line_limit,179861.14100560753,0.9797604999985196,0.0,0.0700271000023349,3,optimal,2725.9613761316427,0.011233793380133472,-0.3960456525453291,one_family,0.0
0.5372285842895508,0.01,5.40501784096341,family_sensitivity,15.851048242968844,2710.110327668484,dwp_incremental,182587.10237779145,,,,line_limit,179861.14100187967,5.338228940963745,,0.0667888999996648,3,optimal,2725.9613759114527,0.011233791307273156,-0.39604566059085683,one_family,0.0
0.2256148000014946,0.01,1.0577972999999474,family_sensitivity,16.571455039032877,2715.299145646003,chp,182594.1602540419,64725.0,466042.0,19335.0,line_limit,179862.28968668514,0.9794612000005144,0.0,0.0783360999994329,4,optimal,2731.870600685036,0.011872513957378358,-0.18012838467842296,one_family,0.0
0.4375028610229492,0.01,4.811393842770485,family_sensitivity,16.571449298582444,2715.29912966755,dwp_incremental,182594.1602540419,,,,line_limit,179862.28967507536,4.7545013427734375,,0.0568924999970477,4,optimal,2731.8705789661326,0.01187250750179598,-0.18012917826585123,one_family,0.0
0.2415614000019559,0.01,1.0162851000022783,family_sensitivity,18.030081031114666,2725.986079921158,chp,182582.77098059736,64725.0,466042.0,19335.0,line_limit,179838.75482353795,0.941959300002054,0.0,0.0743258000002242,5,optimal,2744.0161609522725,-0.0012139742487375694,0.2636584719419707,one_family,0.0
0.4543020725250244,0.01,4.724121730843763,family_sensitivity,18.030080986696365,2725.986076752936,dwp_incremental,182582.77098059736,,,,line_limit,179838.75482285715,4.665300130844116,,0.0588215999996464,5,optimal,2744.016157739632,-0.0012139746272925354,0.26365835455524145,one_family,0.0
0.2288874999976542,0.01,1.051584400000138,family_sensitivity,16.04831999398365,2711.504425854308,chp,182593.51908129785,64725.0,466042.0,19335.0,line_limit,179865.96663821416,0.9814078999988852,0.0,0.0701765000012528,6,optimal,2727.552745848291,0.013917071536407848,-0.3378985643309313,one_family,0.0
0.4363315105438232,0.01,4.671104950037261,family_sensitivity,16.048318956056235,2711.504421886337,dwp_incremental,182593.51908129785,,,,line_limit,179865.96634045543,4.610335350036621,,0.0607696000006399,6,optimal,2727.5527408423936,0.01391690596858358,-0.33789874724151453,one_family,0.0
0.2868507999992289,0.01,1.0370383000008587,family_sensitivity,17.54416429418385,2722.540325260128,chp,182572.37418824385,64725.0,466042.0,19335.0,line_limit,179832.29215756158,0.9601246999991416,0.0,0.0769136000017169,7,optimal,2740.084489554312,-0.004807519771011074,0.11999905627285115,one_family,0.0
0.3229796886444092,0.01,4.677325818618556,family_sensitivity,17.5441558309319,2722.540283384741,dwp_incremental,182572.37418824385,,,,line_limit,179832.28974902962,4.610979318618774,,0.0663464999997813,7,optimal,2740.084439215673,-0.004808859027793354,0.11999721694836431,one_family,0.0
0.2310593000001972,0.01,1.045730600002571,family_sensitivity,17.477099396006313,2722.0298872820013,chp,182575.26570975428,64725.0,466042.0,19335.0,line_limit,179835.7587236454,0.968621300002269,0.0,0.077109300000302,8,optimal,2739.506986678008,-0.0028799463711517218,0.0988976677386875,one_family,0.0
0.3276131153106689,0.01,4.466010774442111,family_sensitivity,17.47709939649407,2722.0298872601425,dwp_incremental,182575.26570975428,,,,line_limit,179835.75872309855,4.40861177444458,,0.057398999997531,8,optimal,2739.5069866566364,-0.002879946675232083,0.0988976669577843,one_family,0.0
0.2279722999992373,0.01,1.045811099997081,family_sensitivity,18.21659253824321,2727.378694042856,chp,182578.07738675663,64725.0,466042.0,19335.0,line_limit,179832.48210024263,0.958438899997418,0.0,0.0873721999996632,9,optimal,2745.595286581099,-0.004701902727906477,0.3213581731995686,one_family,0.0
0.318500280380249,0.01,4.411105582832533,family_sensitivity,18.216592538424575,2727.3786939758947,dwp_incremental,182578.07738675663,,,,line_limit,179832.4821002426,4.355499982833862,,0.055605599998671,9,optimal,2745.5952865143195,-0.0047019027279226605,0.32135817075950573,one_family,0.0
0.2340680000015709,0.01,1.038871900000231,family_sensitivity,16.742264947468808,2716.678910326222,chp,182576.9184960055,64725.0,466042.0,19335.0,line_limit,179843.49732902998,0.964525200000935,0.0,0.0743466999992961,10,optimal,2733.4211752736915,0.0014230813313510081,-0.12347191041835325,one_family,0.0
0.3723649978637695,0.01,4.6463861128395365,family_sensitivity,16.742262978232084,2716.6789058482973,dwp_incremental,182576.9184960055,,,,line_limit,179843.49732717974,4.589366912841797,,0.0570191999977396,10,optimal,2733.421168826529,0.0014230803025269052,-0.12347214599134144,one_family,0.0
0.2346410999998625,0.03,0.9836560000003374,family_sensitivity,14.794855806528815,2717.117827941177,chp,182575.70282106695,64725.0,466042.0,19335.0,line_limit,179843.79013741115,0.9049214000006032,0.0,0.0787345999997342,1,optimal,2731.9126837477056,0.0015858965303553383,-0.17859071085456327,one_family,0.0
0.3740546703338623,0.03,4.480459085858456,family_sensitivity,14.79485580415297,2717.117827852496,dwp_incremental,182575.70282106695,,,,line_limit,179843.79013740955,4.421056985855103,,0.0594021000033535,1,optimal,2731.9126836566493,0.0015858965294652681,-0.17859071418167244,one_family,0.0
0.2452873999973235,0.03,1.0295775999984471,family_sensitivity,12.89499958668985,2695.385443307094,chp,182681.20999081232,64725.0,466042.0,19335.0,line_limit,179972.92955033755,0.9579260999998952,0.0,0.071651499998552,2,optimal,2708.2804428937843,0.07339346956092307,-1.042089606969648,one_family,0.0
0.3002254962921142,0.03,4.324910720544722,family_sensitivity,12.894999431861269,2695.385443224256,dwp_incremental,182681.20999081232,,,,line_limit,179972.92954815624,4.269225120544434,,0.0556856000002881,2,optimal,2708.280442656117,0.07339346834801626,-1.0420896156537793,one_family,0.0
0.240973899999517,0.03,1.0719652000007045,family_sensitivity,13.188613957222389,2700.90359651178,chp,182620.4258154372,64725.0,466042.0,19335.0,line_limit,179906.3336237444,0.9996360000004644,0.0,0.0723292000002402,3,optimal,2714.092210469002,0.03636300957965247,-0.8297333214739667,one_family,0.0
0.3245677947998047,0.03,4.088136821243097,family_sensitivity,13.188613976802731,2700.903596320164,dwp_incremental,182620.4258154372,,,,line_limit,179906.3336051404,4.026564121246338,,0.0615726999967591,3,optimal,2714.092210296966,0.03636299923494862,-0.8297333277599906,one_family,0.0
0.2295806000001903,0.03,1.0175005000019155,family_sensitivity,15.410386366478344,2704.6540080024297,chp,182627.0039598198,64725.0,466042.0,19335.0,line_limit,179906.93956570915,0.9502258000029542,0.0,0.0672746999989613,4,optimal,2720.064394368908,0.036699941743893204,-0.6115155808525053,one_family,0.0
0.4222571849822998,0.03,4.433724085527501,family_sensitivity,15.410386352340936,2704.654007897918,dwp_incremental,182627.0039598198,,,,line_limit,179906.9395655703,4.377257585525513,,0.0564665000019886,4,optimal,2720.064394250259,0.03669994166668365,-0.6115155851878249,one_family,0.0
0.2378537999975378,0.03,1.0230209000001196,family_sensitivity,19.786281543493057,2738.8838625880435,chp,182593.05851994056,64725.0,466042.0,19335.0,line_limit,179834.38837719278,0.9516699999985576,0.0,0.0713509000015619,5,optimal,2758.6701441315367,-0.003641923297829696,0.7991006408501341,one_family,0.0
0.3849954605102539,0.03,4.494584272782959,family_sensitivity,19.78628141769699,2738.883862375108,dwp_incremental,182593.05851994056,,,,line_limit,179834.38837614752,4.437992572784424,,0.0565916999985347,5,optimal,2758.670143792805,-0.0036419238790455647,0.7991006284732083,one_family,0.0
0.2351664999987406,0.03,1.0912169000002905,family_sensitivity,13.799564382085755,2693.9673222356187,chp,182628.2366341284,64725.0,466042.0,19335.0,line_limit,179920.4698569014,0.9953666999972484,0.0,0.0958502000030421,6,optimal,2707.7668866177046,0.044223418511338514,-1.06085444946719,one_family,0.0
0.380964994430542,0.03,4.942145134464226,family_sensitivity,13.799564045536789,2693.967321642727,dwp_incremental,182628.2366341284,,,,line_limit,179920.4697484403,4.884969234466553,,0.0571758999976736,6,optimal,2707.766885688264,0.04422335820186186,-1.0608544834280296,one_family,0.0
0.2427721999993082,0.03,1.059213100001216,family_sensitivity,18.32850715313474,2728.8908039702114,chp,182562.2124608379,64725.0,466042.0,19335.0,line_limit,179814.99315754187,0.9949006999995618,0.0,0.0643124000016541,7,optimal,2747.219311123346,-0.014426575480816682,0.38069843670493414,one_family,0.0
0.3717567920684814,0.03,4.9508921122214815,family_sensitivity,18.32850594836726,2728.89080022754,dwp_incremental,182562.2124608379,,,,line_limit,179814.99315466266,4.89375901222229,,0.0571330999991914,7,optimal,2747.2193061759067,-0.01442657708179412,0.3806982559303571,one_family,0.0
0.2371296000019356,0.03,1.045433300001605,family_sensitivity,18.12733671531609,2726.792913603618,chp,182570.3203269569,64725.0,466042.0,19335.0,line_limit,179825.40007710547,0.9609070000005886,0.0,0.0845263000010163,8,optimal,2744.9202503189344,-0.008639839892881586,0.29669301043231777,one_family,0.0
0.3410017490386963,0.03,4.426363471677178,family_sensitivity,18.127336644290036,2726.7929134439983,dwp_incremental,182570.3203269569,,,,line_limit,179825.4000768689,4.364996671676636,,0.0613668000005418,8,optimal,2744.9202500882884,-0.008639840024433968,0.29669300200473786,one_family,0.0
0.262740299996949,0.03,1.0257616999988386,family_sensitivity,20.34581607724177,2743.7239120426843,chp,182579.63993623696,64725.0,466042.0,19335.0,line_limit,179815.57021514664,0.9418752999990828,0.0,0.0838863999997556,9,optimal,2764.069728119926,-0.014105704376031297,0.9963961424606417,one_family,0.0
0.4470417499542236,0.03,5.103061635229096,family_sensitivity,20.345816071761963,2743.723911864592,dwp_incremental,182579.63993623696,,,,line_limit,179815.5702083023,5.041044235229492,,0.062017399999604,9,optimal,2764.069727936354,-0.014105708181809827,0.9963961357531025,one_family,0.0
0.2249169000024267,0.03,1.0173085000024005,family_sensitivity,15.92282609810442,2715.0963815306127,chp,182579.6350885181,64725.0,466042.0,19335.0,line_limit,179848.6161086608,0.9184905000001892,0.0,0.0988180000022111,10,optimal,2731.019207628717,0.004269362988029366,-0.21123745168717117,one_family,0.0
0.3680729866027832,0.03,4.896432983583509,family_sensitivity,15.922827390789331,2715.0963720163654,dwp_incremental,182579.6350885181,,,,line_limit,179848.6158891126,4.838077783584595,,0.058355199998914,10,optimal,2731.0191994071547,0.004269240908940096,-0.21123775209499682,one_family,0.0
0.2408587000027182,0.05,1.1596228000016708,family_sensitivity,13.223439153288108,2718.897841610613,chp,182579.4428366364,64725.0,466042.0,19335.0,line_limit,179847.32155590714,1.0690554000029806,0.0,0.0905673999986902,1,optimal,2732.121280763901,0.00354953091435675,-0.1709687805293412,one_family,0.0
0.3592150211334228,0.05,4.286593575623556,family_sensitivity,13.223439159460062,2718.8978416042182,dwp_incremental,182579.4428366364,,,,line_limit,179847.32155587315,4.229216575622559,,0.0573770000009972,1,optimal,2732.1212807636784,0.0035495308954548947,-0.17096878053746642,one_family,0.0
0.2451741999975638,0.05,1.0365474999998696,family_sensitivity,9.85413350215591,2692.253894988762,chp,182765.64613279904,64725.0,466042.0,19335.0,line_limit,180063.53829282938,0.964816299998347,0.0,0.0717312000015226,2,optimal,2702.108028490918,0.12377618190451237,-1.2676235737308013,one_family,0.0
0.3509778976440429,0.05,4.4138268891802,family_sensitivity,9.854133302972354,2692.253894074115,dwp_incremental,182765.64613279904,,,,line_limit,180063.53810542234,4.350982189178467,,0.0628447000017331,2,optimal,2702.108027377088,0.12377607769740244,-1.2676236144290556,one_family,0.0
0.2352853999982471,0.05,0.9511684999997668,family_sensitivity,11.860613884821957,2710.42745287814,chp,182674.33782478725,64725.0,466042.0,19335.0,line_limit,179952.04983937056,0.8848323999991408,0.0,0.0663361000006261,3,optimal,2722.288066762961,0.061783370551309606,-0.5302647731336967,one_family,0.0
0.3934237957000732,0.05,4.784646457566851,family_sensitivity,11.860613792397608,2710.427450120505,dwp_incremental,182674.33782478725,,,,line_limit,179952.04976087518,4.728420257568359,,0.0562261999984912,3,optimal,2722.288063912903,0.06178332690419066,-0.5302648772720229,one_family,0.0
0.2268764000000374,0.05,1.021430999997392,family_sensitivity,14.188030775941796,2697.793510910521,chp,182664.5176581409,64725.0,466042.0,19335.0,line_limit,179952.5361887217,0.9477812999975868,0.0,0.0736496999998053,4,optimal,2711.981541686463,0.06205380361088199,-0.9068550880915671,one_family,0.0
0.3361241817474365,0.05,4.102803004640009,family_sensitivity,14.188020503026197,2697.7934951884545,dwp_incremental,182664.5176581409,,,,line_limit,179952.5361424499,4.046123504638672,,0.0566795000013371,4,optimal,2711.9815156914806,0.06205377788160528,-0.9068560379227243,one_family,0.0
0.2559761000011349,0.05,1.0099835000000894,family_sensitivity,21.542483005008105,2752.821721117738,chp,182604.38613181555,64725.0,466042.0,19335.0,line_limit,179830.02193771923,0.9382869000000936,0.0,0.0716965999999956,5,optimal,2774.3642041227463,-0.006069868525979732,1.3725461960872163,one_family,0.0
0.4789841175079345,0.05,4.887658361927606,family_sensitivity,21.54248184770598,2752.8217205302026,dwp_incremental,182604.38613181555,,,,line_limit,179830.0219294377,4.8309831619262695,,0.0566752000013366,5,optimal,2774.3642023779084,-0.006069873130895693,1.3725461323325532,one_family,0.0
0.2280285999986517,0.05,0.9751978000022063,family_sensitivity,11.236552712966905,2689.4143228368994,chp,182702.68602297752,64725.0,466042.0,19335.0,line_limit,180002.03518919606,0.9019931000002545,0.0,0.073204700001952,6,optimal,2700.650875549866,0.08957757045291996,-1.3208665126398442,one_family,0.0
0.4687955379486084,0.05,4.820903246934904,family_sensitivity,11.236547670876922,2689.414306071226,dwp_incremental,182702.68602297752,,,,line_limit,180002.03516923435,4.760796546936035,,0.0601066999988688,6,optimal,2700.6508537421028,0.08957755935327472,-1.3208673094741261,one_family,0.0
0.2457272999999986,0.05,1.1181353000029048,family_sensitivity,19.112856128376663,2740.460114193176,chp,182557.26952978136,64725.0,466042.0,19335.0,line_limit,179797.6965603563,1.0399324999998498,0.0,0.078202800003055,7,optimal,2759.572970321553,-0.02404429510210168,0.8320890241050977,one_family,0.0
0.4123389720916748,0.05,4.559978463657899,family_sensitivity,19.11285606590944,2740.4601134201043,dwp_incremental,182557.26952978136,,,,line_limit,179797.69656029544,4.502336263656616,,0.0576422000012826,7,optimal,2759.572969486014,-0.024044295135940533,0.8320889935753173,one_family,0.0
0.2341273999991244,0.05,1.059726800001954,family_sensitivity,18.777574356366465,2736.4511258425355,chp,182570.27012968253,64725.0,466042.0,19335.0,line_limit,179815.04143723063,0.9941351000015856,0.0,0.0655917000003682,8,optimal,2755.228700198902,-0.014399729708504604,0.6733536558206161,one_family,0.0
0.4135477542877197,0.05,4.956939666008111,family_sensitivity,18.777573892745764,2736.451125150358,dwp_incremental,182570.27012968253,,,,line_limit,179815.04143063969,4.90054726600647,,0.0563924000016413,8,optimal,2755.228699043104,-0.014399733373376923,0.6733536135888859,one_family,0.0
0.2238351000014518,0.05,0.954146000003675,family_sensitivity,22.475039607690395,2760.8884698507613,chp,182582.0218256429,64725.0,466042.0,19335.0,line_limit,179798.65831642205,0.8853234000016528,0.0,0.0688226000020222,9,optimal,2783.3635094584515,-0.023509513602295085,1.7013719841797843,one_family,0.0
0.3766400814056396,0.05,4.91498308440714,family_sensitivity,22.47503960512699,2760.888469676372,dwp_incremental,182582.0218256429,,,,line_limit,179798.6583163613,4.861638784408569,,0.0533442999985709,9,optimal,2783.3635092814984,-0.023509513636069203,1.7013719777140914,one_family,0.0
0.2455754000002343,0.05,0.9724088000002666,family_sensitivity,15.103391803050068,2716.336910221936,chp,182585.99661572152,64725.0,466042.0,19335.0,line_limit,179854.55631371203,0.8999468000001798,0.0,0.0724620000000868,10,optimal,2731.4403020249856,0.007572395721164386,-0.19585107556711992,one_family,0.0
0.4456543922424316,0.05,4.459533314326109,family_sensitivity,15.103391804528144,2716.3369102133734,dwp_incremental,182585.99661572152,,,,line_limit,179854.55631370307,4.403651714324951,,0.0558816000011574,10,optimal,2731.4403020179016,0.007572395716179993,-0.1958510758259643,one_family,0.0
